date,underlying,expiry,strategy_type,legs,strategy_id
2024-04-22,NIFTY,2024-04-25 00:00:00,Bull Call Spread,22300.0-CE-50;22500.0-CE--50,20240422_NIFTY_2024-04-25 00:00:00_Bull Call Spread_22300.0_CE_1|22500.0_CE_-1
2024-04-23,NIFTY,2024-04-25 00:00:00,Bull Call Spread,22300.0-CE-50;22500.0-CE--50,20240423_NIFTY_2024-04-25 00:00:00_Bull Call Spread_22300.0_CE_1|22500.0_CE_-1
2024-04-24,NIFTY,2024-04-25 00:00:00,Bull Call Spread,22300.0-CE-50;22500.0-CE--50,20240424_NIFTY_2024-04-25 00:00:00_Bull Call Spread_22300.0_CE_1|22500.0_CE_-1
2024-04-25,NIFTY,2024-04-25 00:00:00,Bull Call Spread,22300.0-CE-50;22500.0-CE--50,20240425_NIFTY_2024-04-25 00:00:00_Bull Call Spread_22300.0_CE_1|22500.0_CE_-1
2024-04-29,NIFTY,2024-05-02 00:00:00,Bear Put Spread,22450.0-PE-25;22650.0-PE--25,20240429_NIFTY_2024-05-02 00:00:00_Bear Put Spread_22450.0_PE_1|22650.0_PE_-1
2024-04-30,NIFTY,2024-05-02 00:00:00,Iron Condor,22750.0-CE--25;22950.0-CE-25;22450.0-PE-25;22650.0-PE--25,20240430_NIFTY_2024-05-02 00:00:00_Iron Condor_22750.0_CE_-1|22950.0_CE_1|22450.0_PE_1|22650.0_PE_-1
2024-05-01,NIFTY,2024-05-02 00:00:00,Iron Condor,22750.0-CE--25;22950.0-CE-25;22450.0-PE-25;22650.0-PE--25,20240501_NIFTY_2024-05-02 00:00:00_Iron Condor_22750.0_CE_-1|22950.0_CE_1|22450.0_PE_1|22650.0_PE_-1
2024-05-02,NIFTY,2024-05-02 00:00:00,Iron Condor,22750.0-CE--25;22950.0-CE-25;22450.0-PE-25;22650.0-PE--25,20240502_NIFTY_2024-05-02 00:00:00_Iron Condor_22750.0_CE_-1|22950.0_CE_1|22450.0_PE_1|22650.0_PE_-1
2024-05-03,NIFTY,2024-05-09 00:00:00,Iron Condor,22600.0-CE--25;22800.0-CE-25;22200.0-PE-25;22400.0-PE--25,20240503_NIFTY_2024-05-09 00:00:00_Iron Condor_22600.0_CE_-1|22800.0_CE_1|22200.0_PE_1|22400.0_PE_-1
2024-05-06,NIFTY,2024-05-09 00:00:00,Iron Condor,22600.0-CE--25;22800.0-CE-25;22200.0-PE-25;22400.0-PE--25,20240506_NIFTY_2024-05-09 00:00:00_Iron Condor_22600.0_CE_-1|22800.0_CE_1|22200.0_PE_1|22400.0_PE_-1
2024-05-16,NIFTY,2024-05-16 00:00:00,Naked Call Buy,22400.0-CE-25,20240516_NIFTY_2024-05-16 00:00:00_Naked Call Buy_22400.0_CE_1
2024-05-17,NIFTY,2024-05-30 00:00:00,Bull Call Spread,22450.0-CE-25;22800.0-CE--25,20240517_NIFTY_2024-05-30 00:00:00_Bull Call Spread_22450.0_CE_1|22800.0_CE_-1
2024-05-20,NIFTY,2024-05-30 00:00:00,Bull Call Spread,22450.0-CE-25;22800.0-CE--25,20240520_NIFTY_2024-05-30 00:00:00_Bull Call Spread_22450.0_CE_1|22800.0_CE_-1
2024-05-21,NIFTY,2024-05-30 00:00:00,Bull Call Spread,22450.0-CE-25;22800.0-CE--25,20240521_NIFTY_2024-05-30 00:00:00_Bull Call Spread_22450.0_CE_1|22800.0_CE_-1
2024-05-22,NIFTY,2024-05-30 00:00:00,Bull Call Spread,22450.0-CE-25;22800.0-CE--25,20240522_NIFTY_2024-05-30 00:00:00_Bull Call Spread_22450.0_CE_1|22800.0_CE_-1
2024-05-23,NIFTY,2024-05-30 00:00:00,Bull Call Spread,22450.0-CE-25;22800.0-CE--25,20240523_NIFTY_2024-05-30 00:00:00_Bull Call Spread_22450.0_CE_1|22800.0_CE_-1
2024-05-24,NIFTY,2024-05-30 00:00:00,Bull Call Spread,22450.0-CE-25;22800.0-CE--25,20240524_NIFTY_2024-05-30 00:00:00_Bull Call Spread_22450.0_CE_1|22800.0_CE_-1
2024-05-27,NIFTY,2024-05-30 00:00:00,Bull Call Spread,22450.0-CE-25;22800.0-CE--25,20240527_NIFTY_2024-05-30 00:00:00_Bull Call Spread_22450.0_CE_1|22800.0_CE_-1
2024-05-28,NIFTY,2024-05-30 00:00:00,Iron Condor,23200.0-CE--25;23350.0-CE-25;22550.0-PE-25;22700.0-PE--25,20240528_NIFTY_2024-05-30 00:00:00_Iron Condor_23200.0_CE_-1|23350.0_CE_1|22550.0_PE_1|22700.0_PE_-1
2024-05-29,NIFTY,2024-05-30 00:00:00,Iron Condor,23200.0-CE--25;23350.0-CE-25;22550.0-PE-25;22700.0-PE--25,20240529_NIFTY_2024-05-30 00:00:00_Iron Condor_23200.0_CE_-1|23350.0_CE_1|22550.0_PE_1|22700.0_PE_-1
2024-05-30,NIFTY,2024-05-30 00:00:00,Bear Put Spread,22550.0-PE-25;22700.0-PE--25,20240530_NIFTY_2024-05-30 00:00:00_Bear Put Spread_22550.0_PE_1|22700.0_PE_-1
2024-06-03,NIFTY,2024-06-06 00:00:00,Naked Call Sell,24000.0-CE--25,20240603_NIFTY_2024-06-06 00:00:00_Naked Call Sell_24000.0_CE_-1
2024-06-04,NIFTY,2024-06-06 00:00:00,Naked Call Sell,24000.0-CE--25,20240604_NIFTY_2024-06-06 00:00:00_Naked Call Sell_24000.0_CE_-1
2024-06-05,NIFTY,2024-06-06 00:00:00,Naked Call Sell,24000.0-CE--25,20240605_NIFTY_2024-06-06 00:00:00_Naked Call Sell_24000.0_CE_-1
2024-06-10,NIFTY,2024-06-13 00:00:00,Strangle,23500.0-CE--25;23200.0-PE--25,20240610_NIFTY_2024-06-13 00:00:00_Strangle_23500.0_CE_-1|23200.0_PE_-1
2024-06-11,NIFTY,2024-06-13 00:00:00,Strangle,23500.0-CE--25;23200.0-PE--25,20240611_NIFTY_2024-06-13 00:00:00_Strangle_23500.0_CE_-1|23200.0_PE_-1
2024-06-12,NIFTY,2024-06-13 00:00:00,Strangle,23500.0-CE--25;23200.0-PE--25,20240612_NIFTY_2024-06-13 00:00:00_Strangle_23500.0_CE_-1|23200.0_PE_-1
2024-06-13,NIFTY,2024-06-13 00:00:00,Strangle,23500.0-CE--25;23200.0-PE--25,20240613_NIFTY_2024-06-13 00:00:00_Strangle_23500.0_CE_-1|23200.0_PE_-1
2024-06-18,NIFTY,2024-06-20 00:00:00,Naked Put Sell,23450.0-PE--25,20240618_NIFTY_2024-06-20 00:00:00_Naked Put Sell_23450.0_PE_-1
2024-06-19,NIFTY,2024-06-20 00:00:00,Strangle,23650.0-CE--25;23450.0-PE--25,20240619_NIFTY_2024-06-20 00:00:00_Strangle_23650.0_CE_-1|23450.0_PE_-1
2024-06-20,NIFTY,2024-06-20 00:00:00,Strangle,23650.0-CE--25;23450.0-PE--25,20240620_NIFTY_2024-06-20 00:00:00_Strangle_23650.0_CE_-1|23450.0_PE_-1
2024-06-21,NIFTY,2024-06-27 00:00:00,Naked Call Sell,23600.0-CE--25,20240621_NIFTY_2024-06-27 00:00:00_Naked Call Sell_23600.0_CE_-1
2024-06-24,NIFTY,2024-06-27 00:00:00,Strangle,23600.0-CE--25;23350.0-PE--25,20240624_NIFTY_2024-06-27 00:00:00_Strangle_23600.0_CE_-1|23350.0_PE_-1
2024-06-24,NIFTY,2024-06-27 00:00:00,Naked Call Sell,23650.0-CE--25,20240624_NIFTY_2024-06-27 00:00:00_Naked Call Sell_23650.0_CE_-1
2024-06-25,NIFTY,2024-06-27 00:00:00,Strangle,23650.0-CE--25;23350.0-PE--25,20240625_NIFTY_2024-06-27 00:00:00_Strangle_23650.0_CE_-1|23350.0_PE_-1
2024-06-25,NIFTY,2024-07-04 00:00:00,Naked Call Buy,23700.0-CE-25,20240625_NIFTY_2024-07-04 00:00:00_Naked Call Buy_23700.0_CE_1
2024-06-26,NIFTY,2024-06-27 00:00:00,Strangle,23650.0-CE--25;23350.0-PE--25,20240626_NIFTY_2024-06-27 00:00:00_Strangle_23650.0_CE_-1|23350.0_PE_-1
2024-06-26,NIFTY,2024-07-04 00:00:00,Naked Call Buy,23700.0-CE-25,20240626_NIFTY_2024-07-04 00:00:00_Naked Call Buy_23700.0_CE_1
2024-06-27,NIFTY,2024-06-27 00:00:00,Naked Put Sell,23350.0-PE--25,20240627_NIFTY_2024-06-27 00:00:00_Naked Put Sell_23350.0_PE_-1
2024-06-28,NIFTY,2024-07-04 00:00:00,Strangle,24400.0-CE--25;23800.0-PE--25,20240628_NIFTY_2024-07-04 00:00:00_Strangle_24400.0_CE_-1|23800.0_PE_-1
2024-07-01,NIFTY,2024-07-04 00:00:00,Strangle,24400.0-CE--25;23800.0-PE--25,20240701_NIFTY_2024-07-04 00:00:00_Strangle_24400.0_CE_-1|23800.0_PE_-1
2024-07-02,NIFTY,2024-07-04 00:00:00,Strangle,24400.0-CE--25;23800.0-PE--25,20240702_NIFTY_2024-07-04 00:00:00_Strangle_24400.0_CE_-1|23800.0_PE_-1
2024-07-03,NIFTY,2024-07-04 00:00:00,Strangle,24400.0-CE--25;23800.0-PE--25,20240703_NIFTY_2024-07-04 00:00:00_Strangle_24400.0_CE_-1|23800.0_PE_-1
2024-07-04,NIFTY,2024-07-04 00:00:00,Strangle,24400.0-CE--25;23800.0-PE--25,20240704_NIFTY_2024-07-04 00:00:00_Strangle_24400.0_CE_-1|23800.0_PE_-1
2024-07-05,NIFTY,2024-07-11 00:00:00,Naked Put Sell,24150.0-PE--25,20240705_NIFTY_2024-07-11 00:00:00_Naked Put Sell_24150.0_PE_-1
2024-07-08,NIFTY,2024-07-11 00:00:00,Naked Put Sell,24150.0-PE--25,20240708_NIFTY_2024-07-11 00:00:00_Naked Put Sell_24150.0_PE_-1
2024-07-09,NIFTY,2024-07-11 00:00:00,Strangle,24500.0-CE--25;24150.0-PE--25,20240709_NIFTY_2024-07-11 00:00:00_Strangle_24500.0_CE_-1|24150.0_PE_-1
2024-07-10,NIFTY,2024-07-11 00:00:00,Strangle,24500.0-CE--25;24150.0-PE--25,20240710_NIFTY_2024-07-11 00:00:00_Strangle_24500.0_CE_-1|24150.0_PE_-1
2024-07-11,NIFTY,2024-07-11 00:00:00,Strangle,24500.0-CE--25;24150.0-PE--25,20240711_NIFTY_2024-07-11 00:00:00_Strangle_24500.0_CE_-1|24150.0_PE_-1
2024-07-16,NIFTY,2024-07-18 00:00:00,Strangle,24800.0-CE--25;24500.0-PE--25,20240716_NIFTY_2024-07-18 00:00:00_Strangle_24800.0_CE_-1|24500.0_PE_-1
2024-07-16,NIFTY,2024-07-18 00:00:00,Naked Put Sell,24700.0-PE--25,20240716_NIFTY_2024-07-18 00:00:00_Naked Put Sell_24700.0_PE_-1
2024-07-17,NIFTY,2024-07-18 00:00:00,Strangle,24800.0-CE--25;24500.0-PE--25,20240717_NIFTY_2024-07-18 00:00:00_Strangle_24800.0_CE_-1|24500.0_PE_-1
2024-07-18,NIFTY,2024-07-18 00:00:00,Strangle,24800.0-CE--25;24500.0-PE--25,20240718_NIFTY_2024-07-18 00:00:00_Strangle_24800.0_CE_-1|24500.0_PE_-1
2024-07-22,NIFTY,2024-07-25 00:00:00,Naked Put Sell,24400.0-PE--25,20240722_NIFTY_2024-07-25 00:00:00_Naked Put Sell_24400.0_PE_-1
2024-07-23,NIFTY,2024-07-25 00:00:00,Strangle,24600.0-CE--25;24400.0-PE--25,20240723_NIFTY_2024-07-25 00:00:00_Strangle_24600.0_CE_-1|24400.0_PE_-1
2024-07-24,NIFTY,2024-07-25 00:00:00,Strangle,24600.0-CE--25;24400.0-PE--25,20240724_NIFTY_2024-07-25 00:00:00_Strangle_24600.0_CE_-1|24400.0_PE_-1
2024-07-26,NIFTY,2024-08-01 00:00:00,Strangle,25150.0-CE--25;24400.0-PE--25,20240726_NIFTY_2024-08-01 00:00:00_Strangle_25150.0_CE_-1|24400.0_PE_-1
2024-07-29,NIFTY,2024-08-01 00:00:00,Strangle,25150.0-CE--25;24400.0-PE--25,20240729_NIFTY_2024-08-01 00:00:00_Strangle_25150.0_CE_-1|24400.0_PE_-1
2024-07-30,NIFTY,2024-08-01 00:00:00,Strangle,25150.0-CE--25;24400.0-PE--25,20240730_NIFTY_2024-08-01 00:00:00_Strangle_25150.0_CE_-1|24400.0_PE_-1
2024-07-31,NIFTY,2024-08-01 00:00:00,Strangle,25150.0-CE--25;24400.0-PE--25,20240731_NIFTY_2024-08-01 00:00:00_Strangle_25150.0_CE_-1|24400.0_PE_-1
2024-08-01,NIFTY,2024-08-01 00:00:00,Strangle,25150.0-CE--25;24400.0-PE--25,20240801_NIFTY_2024-08-01 00:00:00_Strangle_25150.0_CE_-1|24400.0_PE_-1
2024-08-05,NIFTY,2024-08-08 00:00:00,Naked Call Sell,24500.0-CE--25,20240805_NIFTY_2024-08-08 00:00:00_Naked Call Sell_24500.0_CE_-1
2024-08-06,NIFTY,2024-08-08 00:00:00,Naked Call Sell,24500.0-CE--25,20240806_NIFTY_2024-08-08 00:00:00_Naked Call Sell_24500.0_CE_-1
2024-08-07,NIFTY,2024-08-08 00:00:00,Strangle,24500.0-CE--25;23900.0-PE--25,20240807_NIFTY_2024-08-08 00:00:00_Strangle_24500.0_CE_-1|23900.0_PE_-1
2024-08-08,NIFTY,2024-08-08 00:00:00,Strangle,24500.0-CE--25;23900.0-PE--25,20240808_NIFTY_2024-08-08 00:00:00_Strangle_24500.0_CE_-1|23900.0_PE_-1
2024-08-13,NIFTY,2024-08-14 00:00:00,Strangle,24500.0-CE--25;24100.0-PE--25,20240813_NIFTY_2024-08-14 00:00:00_Strangle_24500.0_CE_-1|24100.0_PE_-1
2024-08-14,NIFTY,2024-08-14 00:00:00,Strangle,24500.0-CE--25;24100.0-PE--25,20240814_NIFTY_2024-08-14 00:00:00_Strangle_24500.0_CE_-1|24100.0_PE_-1
2024-08-19,NIFTY,2024-08-22 00:00:00,Strangle,24800.0-CE--25;24400.0-PE--25,20240819_NIFTY_2024-08-22 00:00:00_Strangle_24800.0_CE_-1|24400.0_PE_-1
2024-08-20,NIFTY,2024-08-22 00:00:00,Strangle,24800.0-CE--25;24400.0-PE--25,20240820_NIFTY_2024-08-22 00:00:00_Strangle_24800.0_CE_-1|24400.0_PE_-1
2024-08-21,NIFTY,2024-08-22 00:00:00,Strangle,24800.0-CE--25;24400.0-PE--25,20240821_NIFTY_2024-08-22 00:00:00_Strangle_24800.0_CE_-1|24400.0_PE_-1
2024-08-23,NIFTY,2024-08-29 00:00:00,Strangle,25050.0-CE--25;24650.0-PE--25,20240823_NIFTY_2024-08-29 00:00:00_Strangle_25050.0_CE_-1|24650.0_PE_-1
2024-08-26,NIFTY,2024-08-29 00:00:00,Strangle,25050.0-CE--25;24650.0-PE--25,20240826_NIFTY_2024-08-29 00:00:00_Strangle_25050.0_CE_-1|24650.0_PE_-1
2024-08-26,NIFTY,2024-08-29 00:00:00,Naked Call Sell,25150.0-CE--25,20240826_NIFTY_2024-08-29 00:00:00_Naked Call Sell_25150.0_CE_-1
2024-08-27,NIFTY,2024-08-29 00:00:00,Strangle,25150.0-CE--25;24650.0-PE--25,20240827_NIFTY_2024-08-29 00:00:00_Strangle_25150.0_CE_-1|24650.0_PE_-1
2024-08-28,NIFTY,2024-08-29 00:00:00,Strangle,25150.0-CE--25;24650.0-PE--25,20240828_NIFTY_2024-08-29 00:00:00_Strangle_25150.0_CE_-1|24650.0_PE_-1
2024-08-29,NIFTY,2024-08-29 00:00:00,Strangle,25150.0-CE--25;24650.0-PE--25,20240829_NIFTY_2024-08-29 00:00:00_Strangle_25150.0_CE_-1|24650.0_PE_-1
2024-09-02,NIFTY,2024-09-05 00:00:00,Strangle,25500.0-CE--25;25000.0-PE--25,20240902_NIFTY_2024-09-05 00:00:00_Strangle_25500.0_CE_-1|25000.0_PE_-1
2024-09-03,NIFTY,2024-09-05 00:00:00,Strangle,25500.0-CE--25;25000.0-PE--25,20240903_NIFTY_2024-09-05 00:00:00_Strangle_25500.0_CE_-1|25000.0_PE_-1
2024-09-04,NIFTY,2024-09-05 00:00:00,Strangle,25500.0-CE--25;25000.0-PE--25,20240904_NIFTY_2024-09-05 00:00:00_Strangle_25500.0_CE_-1|25000.0_PE_-1
2024-09-05,NIFTY,2024-09-05 00:00:00,Strangle,25500.0-CE--25;25000.0-PE--25,20240905_NIFTY_2024-09-05 00:00:00_Strangle_25500.0_CE_-1|25000.0_PE_-1
2024-09-06,NIFTY,2024-09-12 00:00:00,Strangle,25200.0-CE--25;24600.0-PE--25,20240906_NIFTY_2024-09-12 00:00:00_Strangle_25200.0_CE_-1|24600.0_PE_-1
2024-09-09,NIFTY,2024-09-12 00:00:00,Strangle,25200.0-CE--25;24600.0-PE--25,20240909_NIFTY_2024-09-12 00:00:00_Strangle_25200.0_CE_-1|24600.0_PE_-1
2024-09-10,NIFTY,2024-09-12 00:00:00,Strangle,25200.0-CE--25;24600.0-PE--25,20240910_NIFTY_2024-09-12 00:00:00_Strangle_25200.0_CE_-1|24600.0_PE_-1
2024-09-11,NIFTY,2024-09-12 00:00:00,Strangle,25200.0-CE--25;24600.0-PE--25,20240911_NIFTY_2024-09-12 00:00:00_Strangle_25200.0_CE_-1|24600.0_PE_-1
2024-09-12,NIFTY,2024-09-12 00:00:00,Bull Put Spread,24600.0-PE--25;25400.0-PE-25,20240912_NIFTY_2024-09-12 00:00:00_Bull Put Spread_24600.0_PE_-1|25400.0_PE_1
2024-09-12,NIFTY,2024-09-12 00:00:00,Naked Call Sell,25200.0-CE--25,20240912_NIFTY_2024-09-12 00:00:00_Naked Call Sell_25200.0_CE_-1
2024-09-12,NIFTY,2024-09-12 00:00:00,Naked Put Buy,25400.0-PE-25,20240912_NIFTY_2024-09-12 00:00:00_Naked Put Buy_25400.0_PE_1
2024-09-12,NIFTY,2024-09-12 00:00:00,Naked Put Buy,25400.0-PE-25,20240912_NIFTY_2024-09-12 00:00:00_Naked Put Buy_25400.0_PE_1
2024-09-12,NIFTY,2024-09-12 00:00:00,Naked Put Buy,25400.0-PE-25,20240912_NIFTY_2024-09-12 00:00:00_Naked Put Buy_25400.0_PE_1
2024-09-12,NIFTY,2024-09-12 00:00:00,Naked Put Buy,25400.0-PE-25,20240912_NIFTY_2024-09-12 00:00:00_Naked Put Buy_25400.0_PE_1
2024-09-12,NIFTY,2024-09-12 00:00:00,Naked Put Buy,25400.0-PE-25,20240912_NIFTY_2024-09-12 00:00:00_Naked Put Buy_25400.0_PE_1
2024-09-12,NIFTY,2024-09-12 00:00:00,Naked Put Buy,25400.0-PE-25,20240912_NIFTY_2024-09-12 00:00:00_Naked Put Buy_25400.0_PE_1
2024-09-12,NIFTY,2024-09-12 00:00:00,Naked Put Buy,25400.0-PE-25,20240912_NIFTY_2024-09-12 00:00:00_Naked Put Buy_25400.0_PE_1
2024-09-12,NIFTY,2024-09-12 00:00:00,Naked Put Buy,25400.0-PE-25,20240912_NIFTY_2024-09-12 00:00:00_Naked Put Buy_25400.0_PE_1
2024-09-12,NIFTY,2024-09-12 00:00:00,Naked Put Buy,25400.0-PE-25,20240912_NIFTY_2024-09-12 00:00:00_Naked Put Buy_25400.0_PE_1
2024-09-16,NIFTY,2024-09-19 00:00:00,Strangle,25600.0-CE--25;25100.0-PE--25,20240916_NIFTY_2024-09-19 00:00:00_Strangle_25600.0_CE_-1|25100.0_PE_-1
2024-09-17,NIFTY,2024-09-19 00:00:00,Strangle,25600.0-CE--25;25100.0-PE--25,20240917_NIFTY_2024-09-19 00:00:00_Strangle_25600.0_CE_-1|25100.0_PE_-1
2024-09-18,NIFTY,2024-09-19 00:00:00,Strangle,25500.0-CE--25;25100.0-PE--25,20240918_NIFTY_2024-09-19 00:00:00_Strangle_25500.0_CE_-1|25100.0_PE_-1
2024-09-18,NIFTY,2024-09-19 00:00:00,Naked Call Sell,25600.0-CE--25,20240918_NIFTY_2024-09-19 00:00:00_Naked Call Sell_25600.0_CE_-1
2024-09-19,NIFTY,2024-09-19 00:00:00,Strangle,25500.0-CE--25;25100.0-PE--25,20240919_NIFTY_2024-09-19 00:00:00_Strangle_25500.0_CE_-1|25100.0_PE_-1
2024-09-20,NIFTY,2024-09-26 00:00:00,Naked Put Sell,25300.0-PE--25,20240920_NIFTY_2024-09-26 00:00:00_Naked Put Sell_25300.0_PE_-1
2024-09-23,NIFTY,2024-09-26 00:00:00,Naked Put Sell,25300.0-PE--25,20240923_NIFTY_2024-09-26 00:00:00_Naked Put Sell_25300.0_PE_-1
2024-09-24,NIFTY,2024-09-26 00:00:00,Strangle,26200.0-CE--25;25300.0-PE--25,20240924_NIFTY_2024-09-26 00:00:00_Strangle_26200.0_CE_-1|25300.0_PE_-1
2024-09-24,NIFTY,2024-09-26 00:00:00,Naked Put Sell,25700.0-PE--25,20240924_NIFTY_2024-09-26 00:00:00_Naked Put Sell_25700.0_PE_-1
2024-09-25,NIFTY,2024-09-26 00:00:00,Strangle,26200.0-CE--25;25700.0-PE--25,20240925_NIFTY_2024-09-26 00:00:00_Strangle_26200.0_CE_-1|25700.0_PE_-1
2024-09-26,NIFTY,2024-09-26 00:00:00,Straddle,26200.0-CE--25;26200.0-PE--25,20240926_NIFTY_2024-09-26 00:00:00_Straddle_26200.0_CE_-1|26200.0_PE_-1
2024-09-26,NIFTY,2024-09-26 00:00:00,Naked Put Sell,25700.0-PE--25,20240926_NIFTY_2024-09-26 00:00:00_Naked Put Sell_25700.0_PE_-1
2024-09-27,NIFTY,2024-10-03 00:00:00,Strangle,26600.0-CE--25;25900.0-PE--25,20240927_NIFTY_2024-10-03 00:00:00_Strangle_26600.0_CE_-1|25900.0_PE_-1
2024-09-30,NIFTY,2024-10-03 00:00:00,Strangle,26200.0-CE--25;25900.0-PE--25,20240930_NIFTY_2024-10-03 00:00:00_Strangle_26200.0_CE_-1|25900.0_PE_-1
2024-09-30,NIFTY,2024-10-03 00:00:00,Naked Call Sell,26600.0-CE--25,20240930_NIFTY_2024-10-03 00:00:00_Naked Call Sell_26600.0_CE_-1
2024-10-01,NIFTY,2024-10-03 00:00:00,Strangle,25800.0-CE--25;25900.0-PE--25,20241001_NIFTY_2024-10-03 00:00:00_Strangle_25800.0_CE_-1|25900.0_PE_-1
2024-10-01,NIFTY,2024-10-03 00:00:00,Naked Call Sell,26200.0-CE--25,20241001_NIFTY_2024-10-03 00:00:00_Naked Call Sell_26200.0_CE_-1
2024-10-02,NIFTY,2024-10-03 00:00:00,Strangle,25800.0-CE--25;25900.0-PE--25,20241002_NIFTY_2024-10-03 00:00:00_Strangle_25800.0_CE_-1|25900.0_PE_-1
2024-10-03,NIFTY,2024-10-03 00:00:00,Bull Call Spread,25250.0-CE-25;25800.0-CE--25,20241003_NIFTY_2024-10-03 00:00:00_Bull Call Spread_25250.0_CE_1|25800.0_CE_-1
2024-10-03,NIFTY,2024-10-03 00:00:00,Bear Put Spread,25250.0-PE-25;25900.0-PE--25,20241003_NIFTY_2024-10-03 00:00:00_Bear Put Spread_25250.0_PE_1|25900.0_PE_-1
2024-10-04,NIFTY,2024-10-10 00:00:00,Strangle,25500.0-CE--25;24600.0-PE--25,20241004_NIFTY_2024-10-10 00:00:00_Strangle_25500.0_CE_-1|24600.0_PE_-1
2024-10-07,NIFTY,2024-10-10 00:00:00,Strangle,25200.0-CE--25;24600.0-PE--25,20241007_NIFTY_2024-10-10 00:00:00_Strangle_25200.0_CE_-1|24600.0_PE_-1
2024-10-07,NIFTY,2024-10-10 00:00:00,Naked Call Sell,25500.0-CE--25,20241007_NIFTY_2024-10-10 00:00:00_Naked Call Sell_25500.0_CE_-1
2024-10-08,NIFTY,2024-10-10 00:00:00,Strangle,25200.0-CE--25;24600.0-PE--25,20241008_NIFTY_2024-10-10 00:00:00_Strangle_25200.0_CE_-1|24600.0_PE_-1
2024-10-09,NIFTY,2024-10-10 00:00:00,Strangle,25200.0-CE--25;24600.0-PE--25,20241009_NIFTY_2024-10-10 00:00:00_Strangle_25200.0_CE_-1|24600.0_PE_-1
2024-10-14,NIFTY,2024-10-17 00:00:00,Strangle,25350.0-CE--25;24750.0-PE--25,20241014_NIFTY_2024-10-17 00:00:00_Strangle_25350.0_CE_-1|24750.0_PE_-1
2024-10-15,NIFTY,2024-10-17 00:00:00,Strangle,25350.0-CE--25;24750.0-PE--25,20241015_NIFTY_2024-10-17 00:00:00_Strangle_25350.0_CE_-1|24750.0_PE_-1
2024-10-16,NIFTY,2024-10-17 00:00:00,Strangle,25200.0-CE--25;24750.0-PE--25,20241016_NIFTY_2024-10-17 00:00:00_Strangle_25200.0_CE_-1|24750.0_PE_-1
2024-10-16,NIFTY,2024-10-17 00:00:00,Strangle,25350.0-CE--25;24900.0-PE--25,20241016_NIFTY_2024-10-17 00:00:00_Strangle_25350.0_CE_-1|24900.0_PE_-1
2024-10-17,NIFTY,2024-10-17 00:00:00,Strangle,25200.0-CE--25;24900.0-PE--25,20241017_NIFTY_2024-10-17 00:00:00_Strangle_25200.0_CE_-1|24900.0_PE_-1
2024-10-18,NIFTY,2024-10-24 00:00:00,Naked Call Sell,25000.0-CE--25,20241018_NIFTY_2024-10-24 00:00:00_Naked Call Sell_25000.0_CE_-1
2024-10-21,NIFTY,2024-10-24 00:00:00,Naked Call Sell,25000.0-CE--25,20241021_NIFTY_2024-10-24 00:00:00_Naked Call Sell_25000.0_CE_-1
2024-10-22,NIFTY,2024-10-24 00:00:00,Naked Call Sell,25000.0-CE--25,20241022_NIFTY_2024-10-24 00:00:00_Naked Call Sell_25000.0_CE_-1
2024-10-23,NIFTY,2024-10-24 00:00:00,Strangle,24750.0-CE--25;24300.0-PE--25,20241023_NIFTY_2024-10-24 00:00:00_Strangle_24750.0_CE_-1|24300.0_PE_-1
2024-10-23,NIFTY,2024-10-24 00:00:00,Naked Call Sell,25000.0-CE--25,20241023_NIFTY_2024-10-24 00:00:00_Naked Call Sell_25000.0_CE_-1
2024-10-24,NIFTY,2024-10-24 00:00:00,Strangle,24750.0-CE--25;24300.0-PE--25,20241024_NIFTY_2024-10-24 00:00:00_Strangle_24750.0_CE_-1|24300.0_PE_-1
2024-10-25,NIFTY,2024-10-31 00:00:00,Strangle,24500.0-CE--25;23800.0-PE--25,20241025_NIFTY_2024-10-31 00:00:00_Strangle_24500.0_CE_-1|23800.0_PE_-1
2024-10-28,NIFTY,2024-10-31 00:00:00,Strangle,24500.0-CE--25;23800.0-PE--25,20241028_NIFTY_2024-10-31 00:00:00_Strangle_24500.0_CE_-1|23800.0_PE_-1
2024-10-29,NIFTY,2024-10-31 00:00:00,Strangle,24500.0-CE--25;23800.0-PE--25,20241029_NIFTY_2024-10-31 00:00:00_Strangle_24500.0_CE_-1|23800.0_PE_-1
2024-10-30,NIFTY,2024-10-31 00:00:00,Strangle,24500.0-CE--25;23800.0-PE--25,20241030_NIFTY_2024-10-31 00:00:00_Strangle_24500.0_CE_-1|23800.0_PE_-1
2024-10-30,NIFTY,2024-10-31 00:00:00,Strangle,24600.0-CE--25;24250.0-PE--25,20241030_NIFTY_2024-10-31 00:00:00_Strangle_24600.0_CE_-1|24250.0_PE_-1
2024-10-31,NIFTY,2024-10-31 00:00:00,Strangle,24600.0-CE--25;24250.0-PE--25,20241031_NIFTY_2024-10-31 00:00:00_Strangle_24600.0_CE_-1|24250.0_PE_-1
2024-11-04,NIFTY,2024-11-07 00:00:00,Strangle,24500.0-CE--25;23400.0-PE--25,20241104_NIFTY_2024-11-07 00:00:00_Strangle_24500.0_CE_-1|23400.0_PE_-1
2024-11-05,NIFTY,2024-11-07 00:00:00,Strangle,24500.0-CE--25;23400.0-PE--25,20241105_NIFTY_2024-11-07 00:00:00_Strangle_24500.0_CE_-1|23400.0_PE_-1
2024-11-06,NIFTY,2024-11-07 00:00:00,Straddle,24500.0-CE--25;24500.0-PE--25,20241106_NIFTY_2024-11-07 00:00:00_Straddle_24500.0_CE_-1|24500.0_PE_-1
2024-11-06,NIFTY,2024-11-07 00:00:00,Naked Put Sell,23400.0-PE--25,20241106_NIFTY_2024-11-07 00:00:00_Naked Put Sell_23400.0_PE_-1
2024-11-07,NIFTY,2024-11-07 00:00:00,Straddle,24500.0-CE--25;24500.0-PE--25,20241107_NIFTY_2024-11-07 00:00:00_Straddle_24500.0_CE_-1|24500.0_PE_-1
2024-11-07,NIFTY,2024-11-14 00:00:00,Naked Call Sell,24500.0-CE--25,20241107_NIFTY_2024-11-14 00:00:00_Naked Call Sell_24500.0_CE_-1
2024-11-07,NIFTY,2024-11-07 00:00:00|2024-11-14 00:00:00,Calendar Spread,24500.0-CE--25-[Timestamp('2024-11-07 00:00:00')];24500.0-CE--25-[Timestamp('2024-11-14 00:00:00')],CAL_NIFTY_24500.0_CE_-25_2024-11-07 00:00:00_2024-11-14 00:00:00
2024-11-08,NIFTY,2024-11-14 00:00:00,Naked Call Sell,24500.0-CE--25,20241108_NIFTY_2024-11-14 00:00:00_Naked Call Sell_24500.0_CE_-1
2024-11-11,NIFTY,2024-11-14 00:00:00,Naked Call Sell,24500.0-CE--25,20241111_NIFTY_2024-11-14 00:00:00_Naked Call Sell_24500.0_CE_-1
2024-11-12,NIFTY,2024-11-14 00:00:00,Naked Call Sell,24200.0-CE--25,20241112_NIFTY_2024-11-14 00:00:00_Naked Call Sell_24200.0_CE_-1
2024-11-12,NIFTY,2024-11-14 00:00:00,Naked Call Sell,24500.0-CE--25,20241112_NIFTY_2024-11-14 00:00:00_Naked Call Sell_24500.0_CE_-1
2024-11-13,NIFTY,2024-11-14 00:00:00,Strangle,24050.0-CE--25;23450.0-PE--25,20241113_NIFTY_2024-11-14 00:00:00_Strangle_24050.0_CE_-1|23450.0_PE_-1
2024-11-13,NIFTY,2024-11-14 00:00:00,Naked Call Sell,24200.0-CE--25,20241113_NIFTY_2024-11-14 00:00:00_Naked Call Sell_24200.0_CE_-1
2024-11-14,NIFTY,2024-11-14 00:00:00,Strangle,24050.0-CE--25;23450.0-PE--25,20241114_NIFTY_2024-11-14 00:00:00_Strangle_24050.0_CE_-1|23450.0_PE_-1
2024-11-18,NIFTY,2024-11-21 00:00:00,Naked Call Sell,23650.0-CE--25,20241118_NIFTY_2024-11-21 00:00:00_Naked Call Sell_23650.0_CE_-1
2024-11-19,NIFTY,2024-11-21 00:00:00,Bull Put Spread,23150.0-PE--25;23500.0-PE-25,20241119_NIFTY_2024-11-21 00:00:00_Bull Put Spread_23150.0_PE_-1|23500.0_PE_1
2024-11-19,NIFTY,2024-11-21 00:00:00,Naked Call Sell,23650.0-CE--25,20241119_NIFTY_2024-11-21 00:00:00_Naked Call Sell_23650.0_CE_-1
2024-11-20,NIFTY,2024-11-21 00:00:00,Strangle,23650.0-CE--25;23150.0-PE--25,20241120_NIFTY_2024-11-21 00:00:00_Strangle_23650.0_CE_-1|23150.0_PE_-1
2024-11-21,NIFTY,2024-11-21 00:00:00,Strangle,23650.0-CE--25;23150.0-PE--25,20241121_NIFTY_2024-11-21 00:00:00_Strangle_23650.0_CE_-1|23150.0_PE_-1
2024-11-21,NIFTY,2024-11-28 00:00:00,Strangle,23800.0-CE--25;22700.0-PE--25,20241121_NIFTY_2024-11-28 00:00:00_Strangle_23800.0_CE_-1|22700.0_PE_-1
2024-11-22,NIFTY,2024-11-28 00:00:00,Strangle,23800.0-CE--25;22700.0-PE--25,20241122_NIFTY_2024-11-28 00:00:00_Strangle_23800.0_CE_-1|22700.0_PE_-1
2024-11-25,NIFTY,2024-11-28 00:00:00,Strangle,24400.0-CE--25;22700.0-PE--25,20241125_NIFTY_2024-11-28 00:00:00_Strangle_24400.0_CE_-1|22700.0_PE_-1
2024-11-25,NIFTY,2024-11-28 00:00:00,Naked Put Sell,23900.0-PE--25,20241125_NIFTY_2024-11-28 00:00:00_Naked Put Sell_23900.0_PE_-1
2024-11-26,NIFTY,2024-11-28 00:00:00,Strangle,24400.0-CE--25;23900.0-PE--25,20241126_NIFTY_2024-11-28 00:00:00_Strangle_24400.0_CE_-1|23900.0_PE_-1
2024-11-27,NIFTY,2024-11-28 00:00:00,Strangle,24400.0-CE--25;23900.0-PE--25,20241127_NIFTY_2024-11-28 00:00:00_Strangle_24400.0_CE_-1|23900.0_PE_-1
2024-12-02,NIFTY,2024-12-05 00:00:00,Strangle,24500.0-CE--25;23800.0-PE--25,20241202_NIFTY_2024-12-05 00:00:00_Strangle_24500.0_CE_-1|23800.0_PE_-1
2024-12-03,NIFTY,2024-12-05 00:00:00,Strangle,24500.0-CE--25;23800.0-PE--25,20241203_NIFTY_2024-12-05 00:00:00_Strangle_24500.0_CE_-1|23800.0_PE_-1
2024-12-03,NIFTY,2024-12-05 00:00:00,Naked Put Sell,24200.0-PE--25,20241203_NIFTY_2024-12-05 00:00:00_Naked Put Sell_24200.0_PE_-1
2024-12-04,NIFTY,2024-12-05 00:00:00,Strangle,24500.0-CE--25;24200.0-PE--25,20241204_NIFTY_2024-12-05 00:00:00_Strangle_24500.0_CE_-1|24200.0_PE_-1
2024-12-05,NIFTY,2024-12-05 00:00:00,Strangle,24500.0-CE--25;24200.0-PE--25,20241205_NIFTY_2024-12-05 00:00:00_Strangle_24500.0_CE_-1|24200.0_PE_-1
2024-12-19,NIFTY,2024-12-19 00:00:00,Naked Call Buy,24000.0-CE-50,20241219_NIFTY_2024-12-19 00:00:00_Naked Call Buy_24000.0_CE_1
2025-01-06,NIFTY,2025-01-09 00:00:00,Bull Put Spread,23750.0-PE--75;23950.0-PE-75,20250106_NIFTY_2025-01-09 00:00:00_Bull Put Spread_23750.0_PE_-1|23950.0_PE_1
2025-01-08,NIFTY,2025-01-09 00:00:00,Naked Put Buy,23550.0-PE-75,20250108_NIFTY_2025-01-09 00:00:00_Naked Put Buy_23550.0_PE_1
2025-01-09,NIFTY,2025-01-09 00:00:00,Naked Put Buy,23550.0-PE-75,20250109_NIFTY_2025-01-09 00:00:00_Naked Put Buy_23550.0_PE_1
2025-01-17,NIFTY,2025-01-23 00:00:00,Bear Call Spread,23200.0-CE--75;23400.0-CE-75,20250117_NIFTY_2025-01-23 00:00:00_Bear Call Spread_23200.0_CE_-1|23400.0_CE_1
2025-01-20,NIFTY,2025-01-23 00:00:00,Bear Call Spread,23200.0-CE--75;23400.0-CE-75,20250120_NIFTY_2025-01-23 00:00:00_Bear Call Spread_23200.0_CE_-1|23400.0_CE_1
2025-01-21,NIFTY,2025-01-23 00:00:00,Bear Call Spread,23200.0-CE--75;23400.0-CE-75,20250121_NIFTY_2025-01-23 00:00:00_Bear Call Spread_23200.0_CE_-1|23400.0_CE_1
2025-01-22,NIFTY,2025-01-23 00:00:00,Bear Call Spread,23200.0-CE--75;23400.0-CE-75,20250122_NIFTY_2025-01-23 00:00:00_Bear Call Spread_23200.0_CE_-1|23400.0_CE_1
2025-01-24,NIFTY,2025-01-30 00:00:00,Strangle,23400.0-CE--25;22700.0-PE--25,20250124_NIFTY_2025-01-30 00:00:00_Strangle_23400.0_CE_-1|22700.0_PE_-1
2025-01-27,NIFTY,2025-01-30 00:00:00,Strangle,23400.0-CE--25;22700.0-PE--25,20250127_NIFTY_2025-01-30 00:00:00_Strangle_23400.0_CE_-1|22700.0_PE_-1
2025-01-28,NIFTY,2025-01-30 00:00:00,Strangle,23400.0-CE--25;22700.0-PE--25,20250128_NIFTY_2025-01-30 00:00:00_Strangle_23400.0_CE_-1|22700.0_PE_-1
2025-01-29,NIFTY,2025-01-30 00:00:00,Naked Call Sell,23400.0-CE--25,20250129_NIFTY_2025-01-30 00:00:00_Naked Call Sell_23400.0_CE_-1
2025-01-30,NIFTY,2025-01-30 00:00:00,Naked Call Sell,23400.0-CE--25,20250130_NIFTY_2025-01-30 00:00:00_Naked Call Sell_23400.0_CE_-1
2025-02-03,NIFTY,2025-02-06 00:00:00,Naked Put Buy,23450.0-PE-75,20250203_NIFTY_2025-02-06 00:00:00_Naked Put Buy_23450.0_PE_1
2025-02-10,NIFTY,2025-02-13 00:00:00,Bear Call Spread,23700.0-CE--75;24000.0-CE-75,20250210_NIFTY_2025-02-13 00:00:00_Bear Call Spread_23700.0_CE_-1|24000.0_CE_1
2025-02-11,NIFTY,2025-02-13 00:00:00,Bear Call Spread,23700.0-CE--75;24000.0-CE-75,20250211_NIFTY_2025-02-13 00:00:00_Bear Call Spread_23700.0_CE_-1|24000.0_CE_1
2025-02-11,NIFTY,2025-02-13 00:00:00,Naked Put Buy,23300.0-PE-75,20250211_NIFTY_2025-02-13 00:00:00_Naked Put Buy_23300.0_PE_1
2025-02-18,NIFTY,2025-02-20 00:00:00,Bear Call Spread,23050.0-CE--75;23300.0-CE-75,20250218_NIFTY_2025-02-20 00:00:00_Bear Call Spread_23050.0_CE_-1|23300.0_CE_1
2025-02-19,NIFTY,2025-02-20 00:00:00,Bear Call Spread,23050.0-CE--75;23300.0-CE-75,20250219_NIFTY_2025-02-20 00:00:00_Bear Call Spread_23050.0_CE_-1|23300.0_CE_1
2025-02-20,NIFTY,2025-02-20 00:00:00,Bear Call Spread,23050.0-CE--75;23300.0-CE-75,20250220_NIFTY_2025-02-20 00:00:00_Bear Call Spread_23050.0_CE_-1|23300.0_CE_1
2025-02-24,NIFTY,2025-02-27 00:00:00,Bear Call Spread,22800.0-CE--75;23000.0-CE-75,20250224_NIFTY_2025-02-27 00:00:00_Bear Call Spread_22800.0_CE_-1|23000.0_CE_1
2025-02-25,NIFTY,2025-02-27 00:00:00,Bear Call Spread,22800.0-CE--75;23000.0-CE-75,20250225_NIFTY_2025-02-27 00:00:00_Bear Call Spread_22800.0_CE_-1|23000.0_CE_1
2025-02-28,NIFTY,2025-03-06 00:00:00,Naked Call Buy,22500.0-CE-75,20250228_NIFTY_2025-03-06 00:00:00_Naked Call Buy_22500.0_CE_1
2025-02-28,NIFTY,2025-03-06 00:00:00,Naked Call Buy,22500.0-CE-75,20250228_NIFTY_2025-03-06 00:00:00_Naked Call Buy_22500.0_CE_1
2025-03-03,NIFTY,2025-03-06 00:00:00,Bear Call Spread,22150.0-CE--75;22300.0-CE-75,20250303_NIFTY_2025-03-06 00:00:00_Bear Call Spread_22150.0_CE_-1|22300.0_CE_1
2025-03-04,NIFTY,2025-03-06 00:00:00,Bear Call Spread,22150.0-CE--75;22300.0-CE-75,20250304_NIFTY_2025-03-06 00:00:00_Bear Call Spread_22150.0_CE_-1|22300.0_CE_1
2025-03-05,NIFTY,2025-03-06 00:00:00,Bear Call Spread,22150.0-CE--75;22300.0-CE-75,20250305_NIFTY_2025-03-06 00:00:00_Bear Call Spread_22150.0_CE_-1|22300.0_CE_1
2025-03-06,NIFTY,2025-03-06 00:00:00,Bear Call Spread,22150.0-CE--75;22300.0-CE-75,20250306_NIFTY_2025-03-06 00:00:00_Bear Call Spread_22150.0_CE_-1|22300.0_CE_1
2025-03-25,NIFTY,2025-03-27 00:00:00,Naked Call Buy,23800.0-CE-75,20250325_NIFTY_2025-03-27 00:00:00_Naked Call Buy_23800.0_CE_1
