date,strategy_id,strategy_type,active_legs,pnl_booked
2024-04-22,20240422_NIFTY_2024-04-25 00:00:00_Bull Call Spread_22300.0_CE_1|22500.0_CE_-1,Bull Call Spread,22300.0-CE-50;22500.0-CE--50,0.0
2024-04-23,20240423_NIFTY_2024-04-25 00:00:00_Bull Call Spread_22300.0_CE_1|22500.0_CE_-1,Bull Call Spread,22300.0-CE-50;22500.0-CE--50,0.0
2024-04-24,20240424_NIFTY_2024-04-25 00:00:00_Bull Call Spread_22300.0_CE_1|22500.0_CE_-1,Bull Call Spread,22300.0-CE-50;22500.0-CE--50,0.0
2024-04-25,20240425_NIFTY_2024-04-25 00:00:00_Bull Call Spread_22300.0_CE_1|22500.0_CE_-1,Bull Call Spread,22300.0-CE-50;22500.0-CE--50,2327.5
2024-04-29,20240429_NIFTY_2024-05-02 00:00:00_Bear Put Spread_22450.0_PE_1|22650.0_PE_-1,Bear Put Spread,22450.0-PE-25;22650.0-PE--25,0.0
2024-04-30,20240430_NIFTY_2024-05-02 00:00:00_Iron Condor_22750.0_CE_-1|22950.0_CE_1|22450.0_PE_1|22650.0_PE_-1,Iron Condor,22750.0-CE--25;22950.0-CE-25;22450.0-PE-25;22650.0-PE--25,0.0
2024-05-01,20240501_NIFTY_2024-05-02 00:00:00_Iron Condor_22750.0_CE_-1|22950.0_CE_1|22450.0_PE_1|22650.0_PE_-1,Iron Condor,22750.0-CE--25;22950.0-CE-25;22450.0-PE-25;22650.0-PE--25,0.0
2024-05-02,20240502_NIFTY_2024-05-02 00:00:00_Iron Condor_22750.0_CE_-1|22950.0_CE_1|22450.0_PE_1|22650.0_PE_-1,Iron Condor,22750.0-CE--25;22950.0-CE-25;22450.0-PE-25;22650.0-PE--25,2948.75
2024-05-03,20240503_NIFTY_2024-05-09 00:00:00_Iron Condor_22600.0_CE_-1|22800.0_CE_1|22200.0_PE_1|22400.0_PE_-1,Iron Condor,22600.0-CE--25;22800.0-CE-25;22200.0-PE-25;22400.0-PE--25,0.0
2024-05-06,20240506_NIFTY_2024-05-09 00:00:00_Iron Condor_22600.0_CE_-1|22800.0_CE_1|22200.0_PE_1|22400.0_PE_-1,Iron Condor,22600.0-CE--25;22800.0-CE-25;22200.0-PE-25;22400.0-PE--25,321.25
2024-05-16,20240516_NIFTY_2024-05-16 00:00:00_Naked Call Buy_22400.0_CE_1,Naked Call Buy,22400.0-CE-25,30.0
2024-05-17,20240517_NIFTY_2024-05-30 00:00:00_Bull Call Spread_22450.0_CE_1|22800.0_CE_-1,Bull Call Spread,22450.0-CE-25;22800.0-CE--25,0.0
2024-05-20,20240520_NIFTY_2024-05-30 00:00:00_Bull Call Spread_22450.0_CE_1|22800.0_CE_-1,Bull Call Spread,22450.0-CE-25;22800.0-CE--25,0.0
2024-05-21,20240521_NIFTY_2024-05-30 00:00:00_Bull Call Spread_22450.0_CE_1|22800.0_CE_-1,Bull Call Spread,22450.0-CE-25;22800.0-CE--25,0.0
2024-05-22,20240522_NIFTY_2024-05-30 00:00:00_Bull Call Spread_22450.0_CE_1|22800.0_CE_-1,Bull Call Spread,22450.0-CE-25;22800.0-CE--25,0.0
2024-05-23,20240523_NIFTY_2024-05-30 00:00:00_Bull Call Spread_22450.0_CE_1|22800.0_CE_-1,Bull Call Spread,22450.0-CE-25;22800.0-CE--25,0.0
2024-05-24,20240524_NIFTY_2024-05-30 00:00:00_Bull Call Spread_22450.0_CE_1|22800.0_CE_-1,Bull Call Spread,22450.0-CE-25;22800.0-CE--25,0.0
2024-05-27,20240527_NIFTY_2024-05-30 00:00:00_Bull Call Spread_22450.0_CE_1|22800.0_CE_-1,Bull Call Spread,22450.0-CE-25;22800.0-CE--25,3496.25
2024-05-28,20240528_NIFTY_2024-05-30 00:00:00_Iron Condor_23200.0_CE_-1|23350.0_CE_1|22550.0_PE_1|22700.0_PE_-1,Iron Condor,23200.0-CE--25;23350.0-CE-25;22550.0-PE-25;22700.0-PE--25,0.0
2024-05-29,20240529_NIFTY_2024-05-30 00:00:00_Iron Condor_23200.0_CE_-1|23350.0_CE_1|22550.0_PE_1|22700.0_PE_-1,Iron Condor,23200.0-CE--25;23350.0-CE-25;22550.0-PE-25;22700.0-PE--25,497.5
2024-05-30,20240530_NIFTY_2024-05-30 00:00:00_Bear Put Spread_22550.0_PE_1|22700.0_PE_-1,Bear Put Spread,22550.0-PE-25;22700.0-PE--25,-2800.0
2024-06-03,20240603_NIFTY_2024-06-06 00:00:00_Naked Call Sell_24000.0_CE_-1,Naked Call Sell,24000.0-CE--25,0.0
2024-06-04,20240604_NIFTY_2024-06-06 00:00:00_Naked Call Sell_24000.0_CE_-1,Naked Call Sell,24000.0-CE--25,0.0
2024-06-05,20240605_NIFTY_2024-06-06 00:00:00_Naked Call Sell_24000.0_CE_-1,Naked Call Sell,24000.0-CE--25,1923.75
2024-06-10,20240610_NIFTY_2024-06-13 00:00:00_Strangle_23500.0_CE_-1|23200.0_PE_-1,Strangle,23500.0-CE--25;23200.0-PE--25,0.0
2024-06-11,20240611_NIFTY_2024-06-13 00:00:00_Strangle_23500.0_CE_-1|23200.0_PE_-1,Strangle,23500.0-CE--25;23200.0-PE--25,0.0
2024-06-12,20240612_NIFTY_2024-06-13 00:00:00_Strangle_23500.0_CE_-1|23200.0_PE_-1,Strangle,23500.0-CE--25;23200.0-PE--25,0.0
2024-06-13,20240613_NIFTY_2024-06-13 00:00:00_Strangle_23500.0_CE_-1|23200.0_PE_-1,Strangle,23500.0-CE--25;23200.0-PE--25,5060.0
2024-06-18,20240618_NIFTY_2024-06-20 00:00:00_Naked Put Sell_23450.0_PE_-1,Naked Put Sell,23450.0-PE--25,0.0
2024-06-19,20240619_NIFTY_2024-06-20 00:00:00_Strangle_23650.0_CE_-1|23450.0_PE_-1,Strangle,23650.0-CE--25;23450.0-PE--25,0.0
2024-06-20,20240620_NIFTY_2024-06-20 00:00:00_Strangle_23650.0_CE_-1|23450.0_PE_-1,Strangle,23650.0-CE--25;23450.0-PE--25,1406.25
2024-06-21,20240621_NIFTY_2024-06-27 00:00:00_Naked Call Sell_23600.0_CE_-1,Naked Call Sell,23600.0-CE--25,0.0
2024-06-24,20240624_NIFTY_2024-06-27 00:00:00_Strangle_23600.0_CE_-1|23350.0_PE_-1,Strangle,23600.0-CE--25;23350.0-PE--25,-351.25
2024-06-24,20240624_NIFTY_2024-06-27 00:00:00_Naked Call Sell_23650.0_CE_-1,Naked Call Sell,23650.0-CE--25,0.0
2024-06-25,20240625_NIFTY_2024-06-27 00:00:00_Strangle_23650.0_CE_-1|23350.0_PE_-1,Strangle,23650.0-CE--25;23350.0-PE--25,0.0
2024-06-25,20240625_NIFTY_2024-07-04 00:00:00_Naked Call Buy_23700.0_CE_1,Naked Call Buy,23700.0-CE-25,0.0
2024-06-26,20240626_NIFTY_2024-06-27 00:00:00_Strangle_23650.0_CE_-1|23350.0_PE_-1,Strangle,23650.0-CE--25;23350.0-PE--25,-1445.0
2024-06-26,20240626_NIFTY_2024-07-04 00:00:00_Naked Call Buy_23700.0_CE_1,Naked Call Buy,23700.0-CE-25,1872.5
2024-06-27,20240627_NIFTY_2024-06-27 00:00:00_Naked Put Sell_23350.0_PE_-1,Naked Put Sell,23350.0-PE--25,0.0
2024-06-28,20240628_NIFTY_2024-07-04 00:00:00_Strangle_24400.0_CE_-1|23800.0_PE_-1,Strangle,24400.0-CE--25;23800.0-PE--25,0.0
2024-07-01,20240701_NIFTY_2024-07-04 00:00:00_Strangle_24400.0_CE_-1|23800.0_PE_-1,Strangle,24400.0-CE--25;23800.0-PE--25,0.0
2024-07-02,20240702_NIFTY_2024-07-04 00:00:00_Strangle_24400.0_CE_-1|23800.0_PE_-1,Strangle,24400.0-CE--25;23800.0-PE--25,0.0
2024-07-03,20240703_NIFTY_2024-07-04 00:00:00_Strangle_24400.0_CE_-1|23800.0_PE_-1,Strangle,24400.0-CE--25;23800.0-PE--25,0.0
2024-07-04,20240704_NIFTY_2024-07-04 00:00:00_Strangle_24400.0_CE_-1|23800.0_PE_-1,Strangle,24400.0-CE--25;23800.0-PE--25,1187.5
2024-07-05,20240705_NIFTY_2024-07-11 00:00:00_Naked Put Sell_24150.0_PE_-1,Naked Put Sell,24150.0-PE--25,0.0
2024-07-08,20240708_NIFTY_2024-07-11 00:00:00_Naked Put Sell_24150.0_PE_-1,Naked Put Sell,24150.0-PE--25,0.0
2024-07-09,20240709_NIFTY_2024-07-11 00:00:00_Strangle_24500.0_CE_-1|24150.0_PE_-1,Strangle,24500.0-CE--25;24150.0-PE--25,0.0
2024-07-10,20240710_NIFTY_2024-07-11 00:00:00_Strangle_24500.0_CE_-1|24150.0_PE_-1,Strangle,24500.0-CE--25;24150.0-PE--25,0.0
2024-07-11,20240711_NIFTY_2024-07-11 00:00:00_Strangle_24500.0_CE_-1|24150.0_PE_-1,Strangle,24500.0-CE--25;24150.0-PE--25,2006.25
2024-07-16,20240716_NIFTY_2024-07-18 00:00:00_Strangle_24800.0_CE_-1|24500.0_PE_-1,Strangle,24800.0-CE--25;24500.0-PE--25,0.0
2024-07-16,20240716_NIFTY_2024-07-18 00:00:00_Naked Put Sell_24700.0_PE_-1,Naked Put Sell,24700.0-PE--25,-48.75
2024-07-17,20240717_NIFTY_2024-07-18 00:00:00_Strangle_24800.0_CE_-1|24500.0_PE_-1,Strangle,24800.0-CE--25;24500.0-PE--25,0.0
2024-07-18,20240718_NIFTY_2024-07-18 00:00:00_Strangle_24800.0_CE_-1|24500.0_PE_-1,Strangle,24800.0-CE--25;24500.0-PE--25,1095.0
2024-07-22,20240722_NIFTY_2024-07-25 00:00:00_Naked Put Sell_24400.0_PE_-1,Naked Put Sell,24400.0-PE--25,0.0
2024-07-23,20240723_NIFTY_2024-07-25 00:00:00_Strangle_24600.0_CE_-1|24400.0_PE_-1,Strangle,24600.0-CE--25;24400.0-PE--25,0.0
2024-07-24,20240724_NIFTY_2024-07-25 00:00:00_Strangle_24600.0_CE_-1|24400.0_PE_-1,Strangle,24600.0-CE--25;24400.0-PE--25,2006.25
2024-07-26,20240726_NIFTY_2024-08-01 00:00:00_Strangle_25150.0_CE_-1|24400.0_PE_-1,Strangle,25150.0-CE--25;24400.0-PE--25,0.0
2024-07-29,20240729_NIFTY_2024-08-01 00:00:00_Strangle_25150.0_CE_-1|24400.0_PE_-1,Strangle,25150.0-CE--25;24400.0-PE--25,0.0
2024-07-30,20240730_NIFTY_2024-08-01 00:00:00_Strangle_25150.0_CE_-1|24400.0_PE_-1,Strangle,25150.0-CE--25;24400.0-PE--25,0.0
2024-07-31,20240731_NIFTY_2024-08-01 00:00:00_Strangle_25150.0_CE_-1|24400.0_PE_-1,Strangle,25150.0-CE--25;24400.0-PE--25,0.0
2024-08-01,20240801_NIFTY_2024-08-01 00:00:00_Strangle_25150.0_CE_-1|24400.0_PE_-1,Strangle,25150.0-CE--25;24400.0-PE--25,1788.75
2024-08-05,20240805_NIFTY_2024-08-08 00:00:00_Naked Call Sell_24500.0_CE_-1,Naked Call Sell,24500.0-CE--25,0.0
2024-08-06,20240806_NIFTY_2024-08-08 00:00:00_Naked Call Sell_24500.0_CE_-1,Naked Call Sell,24500.0-CE--25,0.0
2024-08-07,20240807_NIFTY_2024-08-08 00:00:00_Strangle_24500.0_CE_-1|23900.0_PE_-1,Strangle,24500.0-CE--25;23900.0-PE--25,0.0
2024-08-08,20240808_NIFTY_2024-08-08 00:00:00_Strangle_24500.0_CE_-1|23900.0_PE_-1,Strangle,24500.0-CE--25;23900.0-PE--25,1532.5
2024-08-13,20240813_NIFTY_2024-08-14 00:00:00_Strangle_24500.0_CE_-1|24100.0_PE_-1,Strangle,24500.0-CE--25;24100.0-PE--25,0.0
2024-08-14,20240814_NIFTY_2024-08-14 00:00:00_Strangle_24500.0_CE_-1|24100.0_PE_-1,Strangle,24500.0-CE--25;24100.0-PE--25,1512.5
2024-08-19,20240819_NIFTY_2024-08-22 00:00:00_Strangle_24800.0_CE_-1|24400.0_PE_-1,Strangle,24800.0-CE--25;24400.0-PE--25,0.0
2024-08-20,20240820_NIFTY_2024-08-22 00:00:00_Strangle_24800.0_CE_-1|24400.0_PE_-1,Strangle,24800.0-CE--25;24400.0-PE--25,0.0
2024-08-21,20240821_NIFTY_2024-08-22 00:00:00_Strangle_24800.0_CE_-1|24400.0_PE_-1,Strangle,24800.0-CE--25;24400.0-PE--25,933.75
2024-08-23,20240823_NIFTY_2024-08-29 00:00:00_Strangle_25050.0_CE_-1|24650.0_PE_-1,Strangle,25050.0-CE--25;24650.0-PE--25,0.0
2024-08-26,20240826_NIFTY_2024-08-29 00:00:00_Strangle_25050.0_CE_-1|24650.0_PE_-1,Strangle,25050.0-CE--25;24650.0-PE--25,-1753.75
2024-08-26,20240826_NIFTY_2024-08-29 00:00:00_Naked Call Sell_25150.0_CE_-1,Naked Call Sell,25150.0-CE--25,0.0
2024-08-27,20240827_NIFTY_2024-08-29 00:00:00_Strangle_25150.0_CE_-1|24650.0_PE_-1,Strangle,25150.0-CE--25;24650.0-PE--25,0.0
2024-08-28,20240828_NIFTY_2024-08-29 00:00:00_Strangle_25150.0_CE_-1|24650.0_PE_-1,Strangle,25150.0-CE--25;24650.0-PE--25,0.0
2024-08-29,20240829_NIFTY_2024-08-29 00:00:00_Strangle_25150.0_CE_-1|24650.0_PE_-1,Strangle,25150.0-CE--25;24650.0-PE--25,1210.0
2024-09-02,20240902_NIFTY_2024-09-05 00:00:00_Strangle_25500.0_CE_-1|25000.0_PE_-1,Strangle,25500.0-CE--25;25000.0-PE--25,0.0
2024-09-03,20240903_NIFTY_2024-09-05 00:00:00_Strangle_25500.0_CE_-1|25000.0_PE_-1,Strangle,25500.0-CE--25;25000.0-PE--25,0.0
2024-09-04,20240904_NIFTY_2024-09-05 00:00:00_Strangle_25500.0_CE_-1|25000.0_PE_-1,Strangle,25500.0-CE--25;25000.0-PE--25,0.0
2024-09-05,20240905_NIFTY_2024-09-05 00:00:00_Strangle_25500.0_CE_-1|25000.0_PE_-1,Strangle,25500.0-CE--25;25000.0-PE--25,1253.75
2024-09-06,20240906_NIFTY_2024-09-12 00:00:00_Strangle_25200.0_CE_-1|24600.0_PE_-1,Strangle,25200.0-CE--25;24600.0-PE--25,0.0
2024-09-09,20240909_NIFTY_2024-09-12 00:00:00_Strangle_25200.0_CE_-1|24600.0_PE_-1,Strangle,25200.0-CE--25;24600.0-PE--25,0.0
2024-09-10,20240910_NIFTY_2024-09-12 00:00:00_Strangle_25200.0_CE_-1|24600.0_PE_-1,Strangle,25200.0-CE--25;24600.0-PE--25,0.0
2024-09-11,20240911_NIFTY_2024-09-12 00:00:00_Strangle_25200.0_CE_-1|24600.0_PE_-1,Strangle,25200.0-CE--25;24600.0-PE--25,0.0
2024-09-12,20240912_NIFTY_2024-09-12 00:00:00_Bull Put Spread_24600.0_PE_-1|25400.0_PE_1,Bull Put Spread,24600.0-PE--25;25400.0-PE-25,1293.75
2024-09-12,20240912_NIFTY_2024-09-12 00:00:00_Naked Call Sell_25200.0_CE_-1,Naked Call Sell,25200.0-CE--25,1076.25
2024-09-12,20240912_NIFTY_2024-09-12 00:00:00_Naked Put Buy_25400.0_PE_1,Naked Put Buy,25400.0-PE-25,0.0
2024-09-12,20240912_NIFTY_2024-09-12 00:00:00_Naked Put Buy_25400.0_PE_1,Naked Put Buy,25400.0-PE-25,0.0
2024-09-12,20240912_NIFTY_2024-09-12 00:00:00_Naked Put Buy_25400.0_PE_1,Naked Put Buy,25400.0-PE-25,0.0
2024-09-12,20240912_NIFTY_2024-09-12 00:00:00_Naked Put Buy_25400.0_PE_1,Naked Put Buy,25400.0-PE-25,0.0
2024-09-12,20240912_NIFTY_2024-09-12 00:00:00_Naked Put Buy_25400.0_PE_1,Naked Put Buy,25400.0-PE-25,0.0
2024-09-12,20240912_NIFTY_2024-09-12 00:00:00_Naked Put Buy_25400.0_PE_1,Naked Put Buy,25400.0-PE-25,0.0
2024-09-12,20240912_NIFTY_2024-09-12 00:00:00_Naked Put Buy_25400.0_PE_1,Naked Put Buy,25400.0-PE-25,0.0
2024-09-12,20240912_NIFTY_2024-09-12 00:00:00_Naked Put Buy_25400.0_PE_1,Naked Put Buy,25400.0-PE-25,0.0
2024-09-12,20240912_NIFTY_2024-09-12 00:00:00_Naked Put Buy_25400.0_PE_1,Naked Put Buy,25400.0-PE-25,0.0
2024-09-16,20240916_NIFTY_2024-09-19 00:00:00_Strangle_25600.0_CE_-1|25100.0_PE_-1,Strangle,25600.0-CE--25;25100.0-PE--25,0.0
2024-09-17,20240917_NIFTY_2024-09-19 00:00:00_Strangle_25600.0_CE_-1|25100.0_PE_-1,Strangle,25600.0-CE--25;25100.0-PE--25,0.0
2024-09-18,20240918_NIFTY_2024-09-19 00:00:00_Strangle_25500.0_CE_-1|25100.0_PE_-1,Strangle,25500.0-CE--25;25100.0-PE--25,0.0
2024-09-18,20240918_NIFTY_2024-09-19 00:00:00_Naked Call Sell_25600.0_CE_-1,Naked Call Sell,25600.0-CE--25,-373.75
2024-09-19,20240919_NIFTY_2024-09-19 00:00:00_Strangle_25500.0_CE_-1|25100.0_PE_-1,Strangle,25500.0-CE--25;25100.0-PE--25,367.5
2024-09-20,20240920_NIFTY_2024-09-26 00:00:00_Naked Put Sell_25300.0_PE_-1,Naked Put Sell,25300.0-PE--25,0.0
2024-09-23,20240923_NIFTY_2024-09-26 00:00:00_Naked Put Sell_25300.0_PE_-1,Naked Put Sell,25300.0-PE--25,0.0
2024-09-24,20240924_NIFTY_2024-09-26 00:00:00_Strangle_26200.0_CE_-1|25300.0_PE_-1,Strangle,26200.0-CE--25;25300.0-PE--25,1006.25
2024-09-24,20240924_NIFTY_2024-09-26 00:00:00_Naked Put Sell_25700.0_PE_-1,Naked Put Sell,25700.0-PE--25,0.0
2024-09-25,20240925_NIFTY_2024-09-26 00:00:00_Strangle_26200.0_CE_-1|25700.0_PE_-1,Strangle,26200.0-CE--25;25700.0-PE--25,0.0
2024-09-26,20240926_NIFTY_2024-09-26 00:00:00_Straddle_26200.0_CE_-1|26200.0_PE_-1,Straddle,26200.0-CE--25;26200.0-PE--25,1346.25
2024-09-26,20240926_NIFTY_2024-09-26 00:00:00_Naked Put Sell_25700.0_PE_-1,Naked Put Sell,25700.0-PE--25,1013.75
2024-09-27,20240927_NIFTY_2024-10-03 00:00:00_Strangle_26600.0_CE_-1|25900.0_PE_-1,Strangle,26600.0-CE--25;25900.0-PE--25,0.0
2024-09-30,20240930_NIFTY_2024-10-03 00:00:00_Strangle_26200.0_CE_-1|25900.0_PE_-1,Strangle,26200.0-CE--25;25900.0-PE--25,0.0
2024-09-30,20240930_NIFTY_2024-10-03 00:00:00_Naked Call Sell_26600.0_CE_-1,Naked Call Sell,26600.0-CE--25,662.5
2024-10-01,20241001_NIFTY_2024-10-03 00:00:00_Strangle_25800.0_CE_-1|25900.0_PE_-1,Strangle,25800.0-CE--25;25900.0-PE--25,0.0
2024-10-01,20241001_NIFTY_2024-10-03 00:00:00_Naked Call Sell_26200.0_CE_-1,Naked Call Sell,26200.0-CE--25,831.25
2024-10-02,20241002_NIFTY_2024-10-03 00:00:00_Strangle_25800.0_CE_-1|25900.0_PE_-1,Strangle,25800.0-CE--25;25900.0-PE--25,0.0
2024-10-03,20241003_NIFTY_2024-10-03 00:00:00_Bull Call Spread_25250.0_CE_1|25800.0_CE_-1,Bull Call Spread,25250.0-CE-25;25800.0-CE--25,1758.75
2024-10-03,20241003_NIFTY_2024-10-03 00:00:00_Bear Put Spread_25250.0_PE_1|25900.0_PE_-1,Bear Put Spread,25250.0-PE-25;25900.0-PE--25,-12007.5
2024-10-04,20241004_NIFTY_2024-10-10 00:00:00_Strangle_25500.0_CE_-1|24600.0_PE_-1,Strangle,25500.0-CE--25;24600.0-PE--25,0.0
2024-10-07,20241007_NIFTY_2024-10-10 00:00:00_Strangle_25200.0_CE_-1|24600.0_PE_-1,Strangle,25200.0-CE--25;24600.0-PE--25,0.0
2024-10-07,20241007_NIFTY_2024-10-10 00:00:00_Naked Call Sell_25500.0_CE_-1,Naked Call Sell,25500.0-CE--25,647.5
2024-10-08,20241008_NIFTY_2024-10-10 00:00:00_Strangle_25200.0_CE_-1|24600.0_PE_-1,Strangle,25200.0-CE--25;24600.0-PE--25,0.0
2024-10-09,20241009_NIFTY_2024-10-10 00:00:00_Strangle_25200.0_CE_-1|24600.0_PE_-1,Strangle,25200.0-CE--25;24600.0-PE--25,2315.0
2024-10-14,20241014_NIFTY_2024-10-17 00:00:00_Strangle_25350.0_CE_-1|24750.0_PE_-1,Strangle,25350.0-CE--25;24750.0-PE--25,0.0
2024-10-15,20241015_NIFTY_2024-10-17 00:00:00_Strangle_25350.0_CE_-1|24750.0_PE_-1,Strangle,25350.0-CE--25;24750.0-PE--25,0.0
2024-10-16,20241016_NIFTY_2024-10-17 00:00:00_Strangle_25200.0_CE_-1|24750.0_PE_-1,Strangle,25200.0-CE--25;24750.0-PE--25,606.25
2024-10-16,20241016_NIFTY_2024-10-17 00:00:00_Strangle_25350.0_CE_-1|24900.0_PE_-1,Strangle,25350.0-CE--25;24900.0-PE--25,508.75
2024-10-17,20241017_NIFTY_2024-10-17 00:00:00_Strangle_25200.0_CE_-1|24900.0_PE_-1,Strangle,25200.0-CE--25;24900.0-PE--25,-1052.5
2024-10-18,20241018_NIFTY_2024-10-24 00:00:00_Naked Call Sell_25000.0_CE_-1,Naked Call Sell,25000.0-CE--25,0.0
2024-10-21,20241021_NIFTY_2024-10-24 00:00:00_Naked Call Sell_25000.0_CE_-1,Naked Call Sell,25000.0-CE--25,0.0
2024-10-22,20241022_NIFTY_2024-10-24 00:00:00_Naked Call Sell_25000.0_CE_-1,Naked Call Sell,25000.0-CE--25,0.0
2024-10-23,20241023_NIFTY_2024-10-24 00:00:00_Strangle_24750.0_CE_-1|24300.0_PE_-1,Strangle,24750.0-CE--25;24300.0-PE--25,0.0
2024-10-23,20241023_NIFTY_2024-10-24 00:00:00_Naked Call Sell_25000.0_CE_-1,Naked Call Sell,25000.0-CE--25,835.0
2024-10-24,20241024_NIFTY_2024-10-24 00:00:00_Strangle_24750.0_CE_-1|24300.0_PE_-1,Strangle,24750.0-CE--25;24300.0-PE--25,700.0
2024-10-25,20241025_NIFTY_2024-10-31 00:00:00_Strangle_24500.0_CE_-1|23800.0_PE_-1,Strangle,24500.0-CE--25;23800.0-PE--25,0.0
2024-10-28,20241028_NIFTY_2024-10-31 00:00:00_Strangle_24500.0_CE_-1|23800.0_PE_-1,Strangle,24500.0-CE--25;23800.0-PE--25,0.0
2024-10-29,20241029_NIFTY_2024-10-31 00:00:00_Strangle_24500.0_CE_-1|23800.0_PE_-1,Strangle,24500.0-CE--25;23800.0-PE--25,0.0
2024-10-30,20241030_NIFTY_2024-10-31 00:00:00_Strangle_24500.0_CE_-1|23800.0_PE_-1,Strangle,24500.0-CE--25;23800.0-PE--25,343.75
2024-10-30,20241030_NIFTY_2024-10-31 00:00:00_Strangle_24600.0_CE_-1|24250.0_PE_-1,Strangle,24600.0-CE--25;24250.0-PE--25,0.0
2024-10-31,20241031_NIFTY_2024-10-31 00:00:00_Strangle_24600.0_CE_-1|24250.0_PE_-1,Strangle,24600.0-CE--25;24250.0-PE--25,0.0
2024-11-04,20241104_NIFTY_2024-11-07 00:00:00_Strangle_24500.0_CE_-1|23400.0_PE_-1,Strangle,24500.0-CE--25;23400.0-PE--25,0.0
2024-11-05,20241105_NIFTY_2024-11-07 00:00:00_Strangle_24500.0_CE_-1|23400.0_PE_-1,Strangle,24500.0-CE--25;23400.0-PE--25,0.0
2024-11-06,20241106_NIFTY_2024-11-07 00:00:00_Straddle_24500.0_CE_-1|24500.0_PE_-1,Straddle,24500.0-CE--25;24500.0-PE--25,0.0
2024-11-06,20241106_NIFTY_2024-11-07 00:00:00_Naked Put Sell_23400.0_PE_-1,Naked Put Sell,23400.0-PE--25,1443.75
2024-11-07,20241107_NIFTY_2024-11-07 00:00:00_Straddle_24500.0_CE_-1|24500.0_PE_-1,Straddle,24500.0-CE--25;24500.0-PE--25,-4495.0
2024-11-07,20241107_NIFTY_2024-11-14 00:00:00_Naked Call Sell_24500.0_CE_-1,Naked Call Sell,24500.0-CE--25,721.25
2024-11-07,CAL_NIFTY_24500.0_CE_-25_2024-11-07 00:00:00_2024-11-14 00:00:00,Calendar Spread,24500.0-CE--25-[Timestamp('2024-11-07 00:00:00')];24500.0-CE--25-[Timestamp('2024-11-14 00:00:00')],1442.5
2024-11-08,20241108_NIFTY_2024-11-14 00:00:00_Naked Call Sell_24500.0_CE_-1,Naked Call Sell,24500.0-CE--25,0.0
2024-11-11,20241111_NIFTY_2024-11-14 00:00:00_Naked Call Sell_24500.0_CE_-1,Naked Call Sell,24500.0-CE--25,0.0
2024-11-12,20241112_NIFTY_2024-11-14 00:00:00_Naked Call Sell_24200.0_CE_-1,Naked Call Sell,24200.0-CE--25,0.0
2024-11-12,20241112_NIFTY_2024-11-14 00:00:00_Naked Call Sell_24500.0_CE_-1,Naked Call Sell,24500.0-CE--25,1546.25
2024-11-13,20241113_NIFTY_2024-11-14 00:00:00_Strangle_24050.0_CE_-1|23450.0_PE_-1,Strangle,24050.0-CE--25;23450.0-PE--25,0.0
2024-11-13,20241113_NIFTY_2024-11-14 00:00:00_Naked Call Sell_24200.0_CE_-1,Naked Call Sell,24200.0-CE--25,347.5
2024-11-14,20241114_NIFTY_2024-11-14 00:00:00_Strangle_24050.0_CE_-1|23450.0_PE_-1,Strangle,24050.0-CE--25;23450.0-PE--25,1068.75
2024-11-18,20241118_NIFTY_2024-11-21 00:00:00_Naked Call Sell_23650.0_CE_-1,Naked Call Sell,23650.0-CE--25,0.0
2024-11-19,20241119_NIFTY_2024-11-21 00:00:00_Bull Put Spread_23150.0_PE_-1|23500.0_PE_1,Bull Put Spread,23150.0-PE--25;23500.0-PE-25,2212.5
2024-11-19,20241119_NIFTY_2024-11-21 00:00:00_Naked Call Sell_23650.0_CE_-1,Naked Call Sell,23650.0-CE--25,0.0
2024-11-20,20241120_NIFTY_2024-11-21 00:00:00_Strangle_23650.0_CE_-1|23150.0_PE_-1,Strangle,23650.0-CE--25;23150.0-PE--25,0.0
2024-11-21,20241121_NIFTY_2024-11-21 00:00:00_Strangle_23650.0_CE_-1|23150.0_PE_-1,Strangle,23650.0-CE--25;23150.0-PE--25,1056.25
2024-11-21,20241121_NIFTY_2024-11-28 00:00:00_Strangle_23800.0_CE_-1|22700.0_PE_-1,Strangle,23800.0-CE--25;22700.0-PE--25,0.0
2024-11-22,20241122_NIFTY_2024-11-28 00:00:00_Strangle_23800.0_CE_-1|22700.0_PE_-1,Strangle,23800.0-CE--25;22700.0-PE--25,-6436.25
2024-11-25,20241125_NIFTY_2024-11-28 00:00:00_Strangle_24400.0_CE_-1|22700.0_PE_-1,Strangle,24400.0-CE--25;22700.0-PE--25,786.25
2024-11-25,20241125_NIFTY_2024-11-28 00:00:00_Naked Put Sell_23900.0_PE_-1,Naked Put Sell,23900.0-PE--25,0.0
2024-11-26,20241126_NIFTY_2024-11-28 00:00:00_Strangle_24400.0_CE_-1|23900.0_PE_-1,Strangle,24400.0-CE--25;23900.0-PE--25,0.0
2024-11-27,20241127_NIFTY_2024-11-28 00:00:00_Strangle_24400.0_CE_-1|23900.0_PE_-1,Strangle,24400.0-CE--25;23900.0-PE--25,2527.5
2024-12-02,20241202_NIFTY_2024-12-05 00:00:00_Strangle_24500.0_CE_-1|23800.0_PE_-1,Strangle,24500.0-CE--25;23800.0-PE--25,0.0
2024-12-03,20241203_NIFTY_2024-12-05 00:00:00_Strangle_24500.0_CE_-1|23800.0_PE_-1,Strangle,24500.0-CE--25;23800.0-PE--25,822.5
2024-12-03,20241203_NIFTY_2024-12-05 00:00:00_Naked Put Sell_24200.0_PE_-1,Naked Put Sell,24200.0-PE--25,0.0
2024-12-04,20241204_NIFTY_2024-12-05 00:00:00_Strangle_24500.0_CE_-1|24200.0_PE_-1,Strangle,24500.0-CE--25;24200.0-PE--25,0.0
2024-12-05,20241205_NIFTY_2024-12-05 00:00:00_Strangle_24500.0_CE_-1|24200.0_PE_-1,Strangle,24500.0-CE--25;24200.0-PE--25,-60.0
2024-12-19,20241219_NIFTY_2024-12-19 00:00:00_Naked Call Buy_24000.0_CE_1,Naked Call Buy,24000.0-CE-50,-1027.5
2025-01-06,20250106_NIFTY_2025-01-09 00:00:00_Bull Put Spread_23750.0_PE_-1|23950.0_PE_1,Bull Put Spread,23750.0-PE--75;23950.0-PE-75,3300.0
2025-01-08,20250108_NIFTY_2025-01-09 00:00:00_Naked Put Buy_23550.0_PE_1,Naked Put Buy,23550.0-PE-75,0.0
2025-01-09,20250109_NIFTY_2025-01-09 00:00:00_Naked Put Buy_23550.0_PE_1,Naked Put Buy,23550.0-PE-75,0.0
2025-01-17,20250117_NIFTY_2025-01-23 00:00:00_Bear Call Spread_23200.0_CE_-1|23400.0_CE_1,Bear Call Spread,23200.0-CE--75;23400.0-CE-75,0.0
2025-01-20,20250120_NIFTY_2025-01-23 00:00:00_Bear Call Spread_23200.0_CE_-1|23400.0_CE_1,Bear Call Spread,23200.0-CE--75;23400.0-CE-75,0.0
2025-01-21,20250121_NIFTY_2025-01-23 00:00:00_Bear Call Spread_23200.0_CE_-1|23400.0_CE_1,Bear Call Spread,23200.0-CE--75;23400.0-CE-75,0.0
2025-01-22,20250122_NIFTY_2025-01-23 00:00:00_Bear Call Spread_23200.0_CE_-1|23400.0_CE_1,Bear Call Spread,23200.0-CE--75;23400.0-CE-75,4012.5
2025-01-24,20250124_NIFTY_2025-01-30 00:00:00_Strangle_23400.0_CE_-1|22700.0_PE_-1,Strangle,23400.0-CE--25;22700.0-PE--25,0.0
2025-01-27,20250127_NIFTY_2025-01-30 00:00:00_Strangle_23400.0_CE_-1|22700.0_PE_-1,Strangle,23400.0-CE--25;22700.0-PE--25,0.0
2025-01-28,20250128_NIFTY_2025-01-30 00:00:00_Strangle_23400.0_CE_-1|22700.0_PE_-1,Strangle,23400.0-CE--25;22700.0-PE--25,-405.0
2025-01-29,20250129_NIFTY_2025-01-30 00:00:00_Naked Call Sell_23400.0_CE_-1,Naked Call Sell,23400.0-CE--25,0.0
2025-01-30,20250130_NIFTY_2025-01-30 00:00:00_Naked Call Sell_23400.0_CE_-1,Naked Call Sell,23400.0-CE--25,1461.25
2025-02-03,20250203_NIFTY_2025-02-06 00:00:00_Naked Put Buy_23450.0_PE_1,Naked Put Buy,23450.0-PE-75,2430.0
2025-02-10,20250210_NIFTY_2025-02-13 00:00:00_Bear Call Spread_23700.0_CE_-1|24000.0_CE_1,Bear Call Spread,23700.0-CE--75;24000.0-CE-75,0.0
2025-02-11,20250211_NIFTY_2025-02-13 00:00:00_Bear Call Spread_23700.0_CE_-1|24000.0_CE_1,Bear Call Spread,23700.0-CE--75;24000.0-CE-75,3056.25
2025-02-11,20250211_NIFTY_2025-02-13 00:00:00_Naked Put Buy_23300.0_PE_1,Naked Put Buy,23300.0-PE-75,9438.75
2025-02-18,20250218_NIFTY_2025-02-20 00:00:00_Bear Call Spread_23050.0_CE_-1|23300.0_CE_1,Bear Call Spread,23050.0-CE--75;23300.0-CE-75,0.0
2025-02-19,20250219_NIFTY_2025-02-20 00:00:00_Bear Call Spread_23050.0_CE_-1|23300.0_CE_1,Bear Call Spread,23050.0-CE--75;23300.0-CE-75,0.0
2025-02-20,20250220_NIFTY_2025-02-20 00:00:00_Bear Call Spread_23050.0_CE_-1|23300.0_CE_1,Bear Call Spread,23050.0-CE--75;23300.0-CE-75,2977.5
2025-02-24,20250224_NIFTY_2025-02-27 00:00:00_Bear Call Spread_22800.0_CE_-1|23000.0_CE_1,Bear Call Spread,22800.0-CE--75;23000.0-CE-75,0.0
2025-02-25,20250225_NIFTY_2025-02-27 00:00:00_Bear Call Spread_22800.0_CE_-1|23000.0_CE_1,Bear Call Spread,22800.0-CE--75;23000.0-CE-75,2257.5
2025-02-28,20250228_NIFTY_2025-03-06 00:00:00_Naked Call Buy_22500.0_CE_1,Naked Call Buy,22500.0-CE-75,-6303.75
2025-02-28,20250228_NIFTY_2025-03-06 00:00:00_Naked Call Buy_22500.0_CE_1,Naked Call Buy,22500.0-CE-75,-6303.75
2025-03-03,20250303_NIFTY_2025-03-06 00:00:00_Bear Call Spread_22150.0_CE_-1|22300.0_CE_1,Bear Call Spread,22150.0-CE--75;22300.0-CE-75,0.0
2025-03-04,20250304_NIFTY_2025-03-06 00:00:00_Bear Call Spread_22150.0_CE_-1|22300.0_CE_1,Bear Call Spread,22150.0-CE--75;22300.0-CE-75,0.0
2025-03-05,20250305_NIFTY_2025-03-06 00:00:00_Bear Call Spread_22150.0_CE_-1|22300.0_CE_1,Bear Call Spread,22150.0-CE--75;22300.0-CE-75,0.0
2025-03-06,20250306_NIFTY_2025-03-06 00:00:00_Bear Call Spread_22150.0_CE_-1|22300.0_CE_1,Bear Call Spread,22150.0-CE--75;22300.0-CE-75,-7192.5
2025-03-25,20250325_NIFTY_2025-03-27 00:00:00_Naked Call Buy_23800.0_CE_1,Naked Call Buy,23800.0-CE-75,1942.5
