symbol,isin,trade_date,exchange,segment,series,trade_type,auction,quantity,price,trade_id,order_id,order_execution_time,expiry_date
NIFTY24APR22300CE,,22-04-2024,NSE,FO,,buy,FALSE,50,118.1,72821968,1100000064922631,2024-04-22T14:09:26,25-04-2024
NIFTY24APR22500CE,,22-04-2024,NSE,FO,,sell,FALSE,50,39.15,72821989,1100000064923056,2024-04-22T14:09:26,25-04-2024
NIFTY24APR22500CE,,25-04-2024,NSE,FO,,buy,FALSE,50,34.5,82220871,1100000164314221,2024-04-25T13:32:58,25-04-2024
NIFTY24APR22300CE,,25-04-2024,NSE,FO,,sell,FALSE,50,160,82267243,1100000164438893,2024-04-25T13:33:42,25-04-2024
NIFTY2450222450PE,,29-04-2024,NSE,FO,,buy,FALSE,25,39.55,723094791,2000000062680836,2024-04-29T14:24:37,02-05-2024
NIFTY2450222650PE,,29-04-2024,NSE,FO,,sell,FALSE,25,94.1,723094829,2000000062681950,2024-04-29T14:24:38,02-05-2024
NIFTY2450222750CE,,30-04-2024,NSE,FO,,sell,FALSE,25,81.8,72536031,1100000032490978,2024-04-30T11:20:32,02-05-2024
NIFTY2450222950CE,,30-04-2024,NSE,FO,,buy,FALSE,25,15.6,72536004,1100000032490029,2024-04-30T11:20:32,02-05-2024
NIFTY2450222650PE,,02-05-2024,NSE,FO,,buy,FALSE,25,2.75,749289661,2000000215600880,2024-05-02T15:19:01,02-05-2024
NIFTY2450222750CE,,02-05-2024,NSE,FO,,buy,FALSE,25,0.15,96349838,1100000209624823,2024-05-02T15:19:01,02-05-2024
NIFTY2450222950CE,,02-05-2024,NSE,FO,,sell,FALSE,25,0.05,96349867,1100000209625062,2024-05-02T15:19:01,02-05-2024
NIFTY2450222450PE,,02-05-2024,NSE,FO,,sell,FALSE,25,0.05,749289795,2000000215601455,2024-05-02T15:19:02,02-05-2024
NIFTY2450922200PE,,03-05-2024,NSE,FO,,buy,FALSE,25,65.35,724738195,2000000108119829,2024-05-03T14:26:04,09-05-2024
NIFTY2450922400PE,,03-05-2024,NSE,FO,,sell,FALSE,25,132.4,724738232,2000000108120647,2024-05-03T14:26:04,09-05-2024
NIFTY2450922600CE,,03-05-2024,NSE,FO,,sell,FALSE,25,98.55,5279284,1000000103444990,2024-05-03T15:26:18,09-05-2024
NIFTY2450922800CE,,03-05-2024,NSE,FO,,buy,FALSE,25,41.1,5279257,1000000103444601,2024-05-03T15:26:18,09-05-2024
NIFTY2450922600CE,,06-05-2024,NSE,FO,,buy,FALSE,25,106,1678819,1000000034115946,2024-05-06T10:44:44,09-05-2024
NIFTY2450922800CE,,06-05-2024,NSE,FO,,sell,FALSE,25,40,1679775,1000000034139933,2024-05-06T10:44:51,09-05-2024
NIFTY2450922400PE,,06-05-2024,NSE,FO,,buy,FALSE,25,78.15,721738412,2000000040398049,2024-05-06T10:45:31,09-05-2024
NIFTY2450922200PE,,06-05-2024,NSE,FO,,sell,FALSE,25,32.5,721738935,2000000040421526,2024-05-06T10:45:36,09-05-2024
NIFTY2451622400CE,,16-05-2024,NSE,FO,,buy,FALSE,25,3.8,32937993,1000000281534211,2024-05-16T15:12:12,16-05-2024
NIFTY2451622400CE,,16-05-2024,NSE,FO,,sell,FALSE,25,5,36020446,1000000290851266,2024-05-16T15:26:30,16-05-2024
NIFTY24MAY22450CE,,17-05-2024,NSE,FO,,buy,FALSE,25,249.7,141253490,1200000059975816,2024-05-17T10:38:23,30-05-2024
NIFTY24MAY22800CE,,17-05-2024,NSE,FO,,sell,FALSE,25,93.25,141253529,1200000059977935,2024-05-17T10:38:23,30-05-2024
NIFTY24MAY22450CE,,27-05-2024,NSE,FO,,sell,FALSE,25,578.45,1053334,1000000023135232,2024-05-27T09:57:25,30-05-2024
NIFTY24MAY22800CE,,27-05-2024,NSE,FO,,buy,FALSE,25,282.15,1053323,1000000023134632,2024-05-27T09:57:25,30-05-2024
NIFTY24MAY22550PE,,28-05-2024,NSE,FO,,buy,FALSE,25,24.35,792524531,2100000038194129,2024-05-28T09:58:59,30-05-2024
NIFTY24MAY22700PE,,28-05-2024,NSE,FO,,sell,FALSE,25,44.25,792524571,2100000038195305,2024-05-28T09:58:59,30-05-2024
NIFTY24MAY23200CE,,28-05-2024,NSE,FO,,sell,FALSE,25,40.05,3188247,1000000039314439,2024-05-28T09:58:59,30-05-2024
NIFTY24MAY23350CE,,28-05-2024,NSE,FO,,buy,FALSE,25,16.65,72597400,1100000036146109,2024-05-28T09:58:59,30-05-2024
NIFTY24MAY23200CE,,29-05-2024,NSE,FO,,buy,FALSE,25,7.65,2015564,1000000031679404,2024-05-29T10:41:10,30-05-2024
NIFTY24MAY23350CE,,29-05-2024,NSE,FO,,sell,FALSE,25,4.15,71776177,1100000031542566,2024-05-29T10:41:10,30-05-2024
NIFTY24MAY22700PE,,30-05-2024,NSE,FO,,buy,FALSE,25,157.8,794002377,2100000050742374,2024-05-30T10:03:49,30-05-2024
NIFTY24MAY22550PE,,30-05-2024,NSE,FO,,sell,FALSE,25,25.9,801321657,2100000148273388,2024-05-30T12:48:47,30-05-2024
NIFTY2460624000CE,,03-06-2024,NSE,FO,,sell,FALSE,25,78.95,3600822,1000000083489390,2024-06-03T12:22:59,06-06-2024
NIFTY2460624000CE,,05-06-2024,NSE,FO,,buy,FALSE,25,2,5113696,1000000081471851,2024-06-05T11:03:57,06-06-2024
NIFTY2461323200PE,,10-06-2024,NSE,FO,,sell,FALSE,25,111.15,724636505,2000000135422635,2024-06-10T14:10:02,13-06-2024
NIFTY2461323500CE,,10-06-2024,NSE,FO,,sell,FALSE,25,102.6,75038063,1100000135394006,2024-06-10T14:10:02,13-06-2024
NIFTY2461323200PE,,13-06-2024,NSE,FO,,buy,FALSE,25,3.65,729459459,2000000110335244,2024-06-13T11:50:39,13-06-2024
NIFTY2461323500CE,,13-06-2024,NSE,FO,,buy,FALSE,25,7.7,77717530,1100000108640449,2024-06-13T11:50:39,13-06-2024
NIFTY2462023450PE,,18-06-2024,NSE,FO,,sell,FALSE,25,48.35,724461652,2000000048728552,2024-06-18T10:17:51,20-06-2024
NIFTY2462023650CE,,19-06-2024,NSE,FO,,sell,FALSE,25,21.55,2450942,1000000047235771,2024-06-19T10:45:22,20-06-2024
NIFTY2462023450PE,,20-06-2024,NSE,FO,,buy,FALSE,25,5.35,732505326,2000000173344497,2024-06-20T13:11:21,20-06-2024
NIFTY2462023650CE,,20-06-2024,NSE,FO,,buy,FALSE,25,8.3,12628292,1000000181547307,2024-06-20T13:11:21,20-06-2024
NIFTY24JUN23600CE,,21-06-2024,NSE,FO,,sell,FALSE,25,74.75,4720047,1000000135162556,2024-06-21T14:26:24,27-06-2024
NIFTY24JUN23600CE,,24-06-2024,NSE,FO,,buy,FALSE,25,88.8,6467309,1000000173673422,2024-06-24T15:22:27,27-06-2024
NIFTY24JUN23350PE,,24-06-2024,NSE,FO,,sell,FALSE,25,49.55,795519945,2100000154720176,2024-06-24T15:27:05,27-06-2024
NIFTY24JUN23650CE,,24-06-2024,NSE,FO,,sell,FALSE,25,70.6,6577022,1000000174718794,2024-06-24T15:27:06,27-06-2024
NIFTY2470423700CE,,25-06-2024,NSE,FO,,buy,FALSE,25,227.9,140952141,1200000049096850,2024-06-25T15:18:13,04-07-2024
NIFTY24JUN23650CE,,26-06-2024,NSE,FO,,buy,FALSE,25,128.4,1257914,1000000032571890,2024-06-26T10:17:11,27-06-2024
NIFTY2470423700CE,,26-06-2024,NSE,FO,,sell,FALSE,25,302.8,140911835,1200000039654875,2024-06-26T12:55:33,04-07-2024
NIFTY2470423800PE,,28-06-2024,NSE,FO,,sell,FALSE,25,51.35,721291607,2000000040335443,2024-06-28T10:40:08,04-07-2024
NIFTY2470424400CE,,28-06-2024,NSE,FO,,sell,FALSE,25,45.95,4560488,1000000152452341,2024-06-28T14:52:17,04-07-2024
NIFTY2470423800PE,,04-07-2024,NSE,FO,,buy,FALSE,25,0.8,722745106,2000000029298267,2024-07-04T09:51:48,04-07-2024
NIFTY2470424400CE,,04-07-2024,NSE,FO,,buy,FALSE,25,49,3524931,1000000033778295,2024-07-04T09:51:48,04-07-2024
NIFTY2471124150PE,,05-07-2024,NSE,FO,,sell,FALSE,25,51.75,794203363,2100000122783042,2024-07-05T15:24:20,11-07-2024
NIFTY2471124500CE,,09-07-2024,NSE,FO,,sell,FALSE,25,41,73918470,1100000051227688,2024-07-09T10:28:13,11-07-2024
NIFTY2471124150PE,,11-07-2024,NSE,FO,,buy,FALSE,25,7.7,792529770,2100000027453972,2024-07-11T09:39:40,11-07-2024
NIFTY2471124500CE,,11-07-2024,NSE,FO,,buy,FALSE,25,4.8,72252373,1100000024922863,2024-07-11T09:39:40,11-07-2024
NIFTY2471824700PE,,16-07-2024,NSE,FO,,sell,FALSE,25,102.4,795080705,2100000085678193,2024-07-16T12:28:55,18-07-2024
NIFTY2471824700PE,,16-07-2024,NSE,FO,,buy,FALSE,25,104.35,795114212,2100000086404198,2024-07-16T12:31:52,18-07-2024
NIFTY2471824800CE,,16-07-2024,NSE,FO,,sell,FALSE,25,19.3,5400660,1000000089836953,2024-07-16T12:34:55,18-07-2024
NIFTY2471824500PE,,16-07-2024,NSE,FO,,sell,FALSE,25,32.1,795162288,2100000087264931,2024-07-16T12:35:22,18-07-2024
NIFTY2471824800CE,,18-07-2024,NSE,FO,,buy,FALSE,25,7,4351508,1000000041742752,2024-07-18T09:56:07,18-07-2024
NIFTY2471824500PE,,18-07-2024,NSE,FO,,buy,FALSE,25,0.6,815859932,2100000263735491,2024-07-18T14:55:50,18-07-2024
NIFTY24JUL24400PE,,22-07-2024,NSE,FO,,sell,FALSE,25,143,721492081,2000000047814244,2024-07-22T10:52:38,25-07-2024
NIFTY24JUL24600CE,,23-07-2024,NSE,FO,,sell,FALSE,25,39.75,21079075,1000000326324208,2024-07-23T13:47:03,25-07-2024
NIFTY24JUL24400PE,,24-07-2024,NSE,FO,,buy,FALSE,25,90.15,727011956,2000000221674493,2024-07-24T15:07:00,25-07-2024
NIFTY24JUL24600CE,,24-07-2024,NSE,FO,,buy,FALSE,25,12.35,7530983,1000000212964167,2024-07-24T15:07:29,25-07-2024
NIFTY2480124400PE,,26-07-2024,NSE,FO,,sell,FALSE,25,47.55,722260299,2000000058901306,2024-07-26T12:19:56,01-08-2024
NIFTY2480125150CE,,26-07-2024,NSE,FO,,sell,FALSE,25,29.2,76211916,1100000167585021,2024-07-26T15:23:04,01-08-2024
NIFTY2480124400PE,,01-08-2024,NSE,FO,,buy,FALSE,25,0.65,727762640,2000000084432420,2024-08-01T11:00:31,01-08-2024
NIFTY2480125150CE,,01-08-2024,NSE,FO,,buy,FALSE,25,4.55,75618470,1100000075017428,2024-08-01T11:00:37,01-08-2024
NIFTY2480824500CE,,05-08-2024,NSE,FO,,sell,FALSE,25,44.6,88107182,1100000209923608,2024-08-05T15:01:17,08-08-2024
NIFTY2480823900PE,,07-08-2024,NSE,FO,,sell,FALSE,25,17.4,812675956,2100000063784189,2024-08-07T10:50:44,08-08-2024
NIFTY2480823900PE,,08-08-2024,NSE,FO,,buy,FALSE,25,0.35,833767330,2100000403224760,2024-08-08T14:45:57,08-08-2024
NIFTY2480824500CE,,08-08-2024,NSE,FO,,buy,FALSE,25,0.35,102757978,1100000359666725,2024-08-08T14:46:03,08-08-2024
NIFTY2481424100PE,,13-08-2024,NSE,FO,,sell,FALSE,25,31.5,812476664,2100000027094363,2024-08-13T09:36:19,14-08-2024
NIFTY2481424500CE,,13-08-2024,NSE,FO,,sell,FALSE,25,38,82186361,1100000023894753,2024-08-13T09:36:20,14-08-2024
NIFTY2481424100PE,,14-08-2024,NSE,FO,,buy,FALSE,25,8.3,818124121,2100000119448182,2024-08-14T13:25:21,14-08-2024
NIFTY2481424500CE,,14-08-2024,NSE,FO,,buy,FALSE,25,0.7,89150050,1100000123477954,2024-08-14T13:25:30,14-08-2024
NIFTY2482224400PE,,19-08-2024,NSE,FO,,sell,FALSE,25,56,730758856,2000000014983011,2024-08-19T09:37:09,22-08-2024
NIFTY2482224800CE,,19-08-2024,NSE,FO,,sell,FALSE,25,30.35,3826542,1000000103801551,2024-08-19T12:57:22,22-08-2024
NIFTY2482224800CE,,21-08-2024,NSE,FO,,buy,FALSE,25,45.55,4992370,1000000137386561,2024-08-21T15:27:41,22-08-2024
NIFTY2482224400PE,,21-08-2024,NSE,FO,,buy,FALSE,25,3.45,734588519,2000000135032151,2024-08-21T15:28:58,22-08-2024
NIFTY24AUG24650PE,,23-08-2024,NSE,FO,,sell,FALSE,25,48.75,733156315,2000000098996029,2024-08-23T14:40:03,29-08-2024
NIFTY24AUG25050CE,,23-08-2024,NSE,FO,,sell,FALSE,25,44.95,3231687,1000000105940874,2024-08-23T14:40:03,29-08-2024
NIFTY24AUG25050CE,,26-08-2024,NSE,FO,,buy,FALSE,25,115.1,2037855,1000000040361090,2024-08-26T10:18:11,29-08-2024
NIFTY24AUG25150CE,,26-08-2024,NSE,FO,,sell,FALSE,25,52.4,85208901,1100000136680051,2024-08-26T15:13:47,29-08-2024
NIFTY24AUG24650PE,,29-08-2024,NSE,FO,,buy,FALSE,25,0.35,758374952,2000000297617789,2024-08-29T15:05:33,29-08-2024
NIFTY2490525000PE,,02-09-2024,NSE,FO,,sell,FALSE,25,29.9,734197281,2000000113513046,2024-09-02T14:35:11,05-09-2024
NIFTY2490525500CE,,02-09-2024,NSE,FO,,sell,FALSE,25,23.1,84938809,1100000111898591,2024-09-02T14:35:12,05-09-2024
NIFTY2490525000PE,,05-09-2024,NSE,FO,,buy,FALSE,25,2,738966150,2000000095587000,2024-09-05T11:47:07,05-09-2024
NIFTY2490525500CE,,05-09-2024,NSE,FO,,buy,FALSE,25,0.85,87458168,1100000093413158,2024-09-05T11:47:07,05-09-2024
NIFTY2491225200CE,,06-09-2024,NSE,FO,,sell,FALSE,25,47.1,3899729,1000000099389262,2024-09-06T12:46:56,12-09-2024
NIFTY2491224600PE,,06-09-2024,NSE,FO,,sell,FALSE,25,52.05,734590754,2000000121884290,2024-09-06T12:47:32,12-09-2024
NIFTY2491224600PE,,12-09-2024,NSE,FO,,buy,FALSE,25,0.3,745707016,2000000196614853,2024-09-12T13:29:11,12-09-2024
NIFTY2491225200CE,,12-09-2024,NSE,FO,,buy,FALSE,25,4.05,16765188,1000000202628909,2024-09-12T13:29:12,12-09-2024
NIFTY2491225400PE,,12-09-2024,NSE,FO,,buy,FALSE,25,11.4,764863114,2000000315919456,2024-09-12T15:24:22,12-09-2024
NIFTY2491225400PE,,12-09-2024,NSE,FO,,buy,FALSE,25,11.4,764863115,2000000315919456,2024-09-12T15:24:22,12-09-2024
NIFTY2491225400PE,,12-09-2024,NSE,FO,,buy,FALSE,25,11.4,764863116,2000000315919456,2024-09-12T15:24:22,12-09-2024
NIFTY2491225400PE,,12-09-2024,NSE,FO,,buy,FALSE,25,11.4,764863117,2000000315919456,2024-09-12T15:24:22,12-09-2024
NIFTY2491225400PE,,12-09-2024,NSE,FO,,buy,FALSE,25,11.4,764863118,2000000315919456,2024-09-12T15:24:22,12-09-2024
NIFTY2491225400PE,,12-09-2024,NSE,FO,,buy,FALSE,25,11.4,764863119,2000000315919456,2024-09-12T15:24:22,12-09-2024
NIFTY2491225400PE,,12-09-2024,NSE,FO,,buy,FALSE,25,11.4,764863112,2000000315919456,2024-09-12T15:24:22,12-09-2024
NIFTY2491225400PE,,12-09-2024,NSE,FO,,buy,FALSE,25,11.4,764863111,2000000315919456,2024-09-12T15:24:22,12-09-2024
NIFTY2491225400PE,,12-09-2024,NSE,FO,,buy,FALSE,25,11.4,764863110,2000000315919456,2024-09-12T15:24:22,12-09-2024
NIFTY2491225400PE,,12-09-2024,NSE,FO,,buy,FALSE,25,11.4,764863113,2000000315919456,2024-09-12T15:24:22,12-09-2024
NIFTY2491925100PE,,16-09-2024,NSE,FO,,sell,FALSE,25,37.2,132230531,1200000053231096,2024-09-16T12:24:08,19-09-2024
NIFTY2491925600CE,,16-09-2024,NSE,FO,,sell,FALSE,25,32.7,132230570,1200000053231752,2024-09-16T12:24:09,19-09-2024
NIFTY2491925600CE,,18-09-2024,NSE,FO,,buy,FALSE,25,47.65,131834851,1200000056693224,2024-09-18T12:34:11,19-09-2024
NIFTY2491925500CE,,18-09-2024,NSE,FO,,sell,FALSE,25,54.1,3465454,1000000096183765,2024-09-18T13:30:15,19-09-2024
NIFTY2491925500CE,,19-09-2024,NSE,FO,,buy,FALSE,25,74.85,5317550,1000000058581329,2024-09-19T10:00:41,19-09-2024
NIFTY2491925100PE,,19-09-2024,NSE,FO,,buy,FALSE,25,1.75,135501813,1200000057310126,2024-09-19T10:03:33,19-09-2024
NIFTY24SEP25300PE,,20-09-2024,NSE,FO,,sell,FALSE,25,50.95,67266593,1100000075779379,2024-09-20T11:15:37,26-09-2024
NIFTY24SEP25300PE,,24-09-2024,NSE,FO,,buy,FALSE,25,10.7,66096044,1100000015672304,2024-09-24T09:29:27,26-09-2024
NIFTY24SEP25700PE,,24-09-2024,NSE,FO,,sell,FALSE,25,41.55,797070050,2000000023218788,2024-09-24T09:36:11,26-09-2024
NIFTY24SEP26200CE,,24-09-2024,NSE,FO,,sell,FALSE,25,26.55,797070105,2000000023220576,2024-09-24T09:36:12,26-09-2024
NIFTY24SEP25700PE,,26-09-2024,NSE,FO,,buy,FALSE,25,1,804846368,2000000198458344,2024-09-26T14:35:29,26-09-2024
NIFTY24SEP26200PE,,26-09-2024,NSE,FO,,sell,FALSE,25,47.2,806795529,2000000219240208,2024-09-26T14:52:12,26-09-2024
NIFTY24SEP26200CE,,26-09-2024,NSE,FO,,buy,FALSE,25,18.5,811542806,2000000249432301,2024-09-26T15:14:19,26-09-2024
NIFTY24SEP26200PE,,26-09-2024,NSE,FO,,buy,FALSE,25,1.4,811543212,2000000249433668,2024-09-26T15:14:19,26-09-2024
NIFTY24O0325900PE,,27-09-2024,NSE,FO,,sell,FALSE,25,32.6,730746806,1900000025650763,2024-09-27T10:33:28,03-10-2024
NIFTY24O0326600CE,,27-09-2024,NSE,FO,,sell,FALSE,25,32.8,130758617,1200000025615110,2024-09-27T10:33:28,03-10-2024
NIFTY24O0326600CE,,30-09-2024,NSE,FO,,buy,FALSE,25,6.3,133806204,1200000053234056,2024-09-30T12:20:56,03-10-2024
NIFTY24O0326200CE,,30-09-2024,NSE,FO,,sell,FALSE,25,36.35,798808429,2000000051871660,2024-09-30T12:22:04,03-10-2024
NIFTY24O0325800CE,,01-10-2024,NSE,FO,,sell,FALSE,25,80.9,78947994,1100000128688354,2024-10-01T15:23:05,03-10-2024
NIFTY24O0326200CE,,01-10-2024,NSE,FO,,buy,FALSE,25,3.1,809966643,2000000130159299,2024-10-01T15:23:05,03-10-2024
NIFTY24O0325900PE,,03-10-2024,NSE,FO,,buy,FALSE,25,502.2,737493254,1900000110889452,2024-10-03T11:28:38,03-10-2024
NIFTY24O0325800CE,,03-10-2024,NSE,FO,,buy,FALSE,25,1.5,79290157,1100000192761842,2024-10-03T13:23:14,03-10-2024
NIFTY24O0325250CE,,03-10-2024,NSE,FO,,buy,FALSE,25,14.95,26615518,1000000285920147,2024-10-03T14:45:24,03-10-2024
NIFTY24O0325250PE,,03-10-2024,NSE,FO,,buy,FALSE,25,10.85,26615675,1000000285921580,2024-10-03T14:45:24,03-10-2024
NIFTY24O0325250CE,,03-10-2024,NSE,FO,,sell,FALSE,25,5.9,34484670,1000000319770039,2024-10-03T15:15:58,03-10-2024
NIFTY24O0325250PE,,03-10-2024,NSE,FO,,sell,FALSE,25,0.15,34485357,1000000319772137,2024-10-03T15:15:58,03-10-2024
NIFTY24O1024600PE,,04-10-2024,NSE,FO,,sell,FALSE,25,68.1,135184919,1200000179432483,2024-10-04T14:18:24,10-10-2024
NIFTY24O1025500CE,,04-10-2024,NSE,FO,,sell,FALSE,25,42.95,6878361,1000000201177725,2024-10-04T14:18:24,10-10-2024
NIFTY24O1025200CE,,07-10-2024,NSE,FO,,sell,FALSE,25,49.6,9694217,1000000249159566,2024-10-07T14:20:07,10-10-2024
NIFTY24O1025500CE,,07-10-2024,NSE,FO,,buy,FALSE,25,17.05,155271167,1200000243721325,2024-10-07T14:20:07,10-10-2024
NIFTY24O1024600PE,,09-10-2024,NSE,FO,,buy,FALSE,25,8.85,10463217,1000000234344265,2024-10-09T15:06:59,10-10-2024
NIFTY24O1025200CE,,09-10-2024,NSE,FO,,buy,FALSE,25,16.25,10463313,1000000234345363,2024-10-09T15:06:59,10-10-2024
NIFTY24O1724750PE,,14-10-2024,NSE,FO,,sell,FALSE,25,34.25,219337736,1300000012181113,2024-10-14T09:36:03,17-10-2024
NIFTY24O1725350CE,,14-10-2024,NSE,FO,,sell,FALSE,25,28.1,219337759,1300000012181913,2024-10-14T09:36:03,17-10-2024
NIFTY24O1724750PE,,16-10-2024,NSE,FO,,buy,FALSE,25,10,220082251,1300000041118623,2024-10-16T10:50:56,17-10-2024
NIFTY24O1724900PE,,16-10-2024,NSE,FO,,sell,FALSE,25,29.6,148082689,1200000051246888,2024-10-16T10:50:56,17-10-2024
NIFTY24O1725200CE,,16-10-2024,NSE,FO,,sell,FALSE,25,25.45,2355800,1000000051857445,2024-10-16T10:50:56,17-10-2024
NIFTY24O1725350CE,,16-10-2024,NSE,FO,,buy,FALSE,25,7.75,220082231,1300000041117353,2024-10-16T10:50:56,17-10-2024
NIFTY24O1725200CE,,17-10-2024,NSE,FO,,buy,FALSE,25,2.7,5117630,1000000053675542,2024-10-17T09:54:44,17-10-2024
NIFTY24O1724900PE,,17-10-2024,NSE,FO,,buy,FALSE,25,94.45,151600743,1200000065135422,2024-10-17T10:07:54,17-10-2024
NIFTY24O2425000CE,,18-10-2024,NSE,FO,,sell,FALSE,25,39.8,417684,1000000005767703,2024-10-18T09:20:34,24-10-2024
NIFTY24O2425000CE,,23-10-2024,NSE,FO,,buy,FALSE,25,6.4,3969605,1000000110403164,2024-10-23T11:04:45,24-10-2024
NIFTY24O2424750CE,,23-10-2024,NSE,FO,,sell,FALSE,25,31.55,221315413,1300000096048912,2024-10-23T11:17:59,24-10-2024
NIFTY24O2424300PE,,23-10-2024,NSE,FO,,sell,FALSE,25,26.7,151005522,1200000130257502,2024-10-23T11:42:10,24-10-2024
NIFTY24O2424300PE,,24-10-2024,NSE,FO,,buy,FALSE,25,28.1,149936853,1200000054051760,2024-10-24T09:50:28,24-10-2024
NIFTY24O2424750CE,,24-10-2024,NSE,FO,,buy,FALSE,25,2.15,221878615,1300000046154184,2024-10-24T09:50:33,24-10-2024
NIFTY24OCT23800PE,,25-10-2024,NSE,FO,,sell,FALSE,25,38.2,8526256,1000000245900991,2024-10-25T15:29:50,31-10-2024
NIFTY24OCT24500CE,,25-10-2024,NSE,FO,,sell,FALSE,25,42.15,153992464,1200000243062136,2024-10-25T15:29:50,31-10-2024
NIFTY24OCT24500CE,,30-10-2024,NSE,FO,,buy,FALSE,25,62.3,147836281,1200000043285411,2024-10-30T10:13:21,31-10-2024
NIFTY24OCT23800PE,,30-10-2024,NSE,FO,,buy,FALSE,25,4.3,2391438,1000000045778698,2024-10-30T10:14:08,31-10-2024
NIFTY24OCT24250PE,,30-10-2024,NSE,FO,,sell,FALSE,25,33.85,74085626,1100000034994840,2024-10-30T10:15:44,31-10-2024
NIFTY24OCT24600CE,,30-10-2024,NSE,FO,,sell,FALSE,25,30.95,2424896,1000000047079104,2024-10-30T10:15:44,31-10-2024
NIFTY24N0724500CE,,04-11-2024,NSE,FO,,sell,FALSE,25,29.05,148951616,1200000068118470,2024-11-04T10:34:58,07-11-2024
NIFTY24N0723400PE,,04-11-2024,NSE,FO,,sell,FALSE,25,60,3209287,1000000069591845,2024-11-04T10:35:13,07-11-2024
NIFTY24N0723400PE,,06-11-2024,NSE,FO,,buy,FALSE,25,2.25,9646006,1000000206326101,2024-11-06T14:32:16,07-11-2024
NIFTY24N0724500PE,,06-11-2024,NSE,FO,,sell,FALSE,25,83.2,155353294,1200000204602814,2024-11-06T14:37:34,07-11-2024
NIFTY24N0724500PE,,07-11-2024,NSE,FO,,buy,FALSE,25,291.85,151852077,1200000078236498,2024-11-07T10:03:10,07-11-2024
NIFTY24N0724500CE,,07-11-2024,NSE,FO,,buy,FALSE,25,0.2,164415715,1200000287699896,2024-11-07T14:59:36,07-11-2024
NIFTY24N1424500CE,,07-11-2024,NSE,FO,,sell,FALSE,25,67.9,164438732,1200000287907992,2024-11-07T15:00:04,14-11-2024
NIFTY24N1424200CE,,12-11-2024,NSE,FO,,sell,FALSE,25,27.9,33156004,1000000474522662,2024-11-12T15:05:08,14-11-2024
NIFTY24N1424500CE,,12-11-2024,NSE,FO,,buy,FALSE,25,6.05,28076151,1200000463389842,2024-11-12T15:05:08,14-11-2024
NIFTY24N1424200CE,,13-11-2024,NSE,FO,,buy,FALSE,25,14,2861119,1000000061274103,2024-11-13T10:00:22,14-11-2024
NIFTY24N1423450PE,,13-11-2024,NSE,FO,,sell,FALSE,25,18.65,1417493,1100000050445557,2024-11-13T10:00:23,14-11-2024
NIFTY24N1424050CE,,13-11-2024,NSE,FO,,sell,FALSE,25,29.6,1426817,1100000050444943,2024-11-13T10:01:02,14-11-2024
NIFTY24N1423450PE,,14-11-2024,NSE,FO,,buy,FALSE,25,4.9,8681764,1100000201816538,2024-11-14T12:40:29,14-11-2024
NIFTY24N1424050CE,,14-11-2024,NSE,FO,,buy,FALSE,25,0.6,8700162,1100000201816974,2024-11-14T12:41:17,14-11-2024
NIFTY24N2123650CE,,18-11-2024,NSE,FO,,sell,FALSE,25,44.1,6248225,1100000252637145,2024-11-18T15:02:23,21-11-2024
NIFTY24N2123500PE,,19-11-2024,NSE,FO,,buy,FALSE,25,39.2,5954355,1200000074014332,2024-11-19T09:57:32,21-11-2024
NIFTY24N2123500PE,,19-11-2024,NSE,FO,,sell,FALSE,25,127.7,22905256,1200000328124249,2024-11-19T15:13:53,21-11-2024
NIFTY24N2123150PE,,19-11-2024,NSE,FO,,sell,FALSE,25,26.05,15978138,1300000276016939,2024-11-19T15:28:44,21-11-2024
NIFTY24N2123150PE,,21-11-2024,NSE,FO,,buy,FALSE,25,25.7,9838,1300000000078955,2024-11-21T09:15:03,21-11-2024
NIFTY24N2123650CE,,21-11-2024,NSE,FO,,buy,FALSE,25,2.2,6190527,1100000115912738,2024-11-21T11:04:52,21-11-2024
NIFTY24NOV22700PE,,21-11-2024,NSE,FO,,sell,FALSE,25,35.3,23830611,1200000290971820,2024-11-21T14:47:06,28-11-2024
NIFTY24NOV23800CE,,21-11-2024,NSE,FO,,sell,FALSE,25,34.55,18435167,1000000281914437,2024-11-21T14:47:07,28-11-2024
NIFTY24NOV23800CE,,22-11-2024,NSE,FO,,buy,FALSE,25,292,9092099,1000000363952227,2024-11-22T14:54:39,28-11-2024
NIFTY24NOV22700PE,,25-11-2024,NSE,FO,,buy,FALSE,25,3.85,2955708,1200000055493160,2024-11-25T09:55:41,28-11-2024
NIFTY24NOV23900PE,,25-11-2024,NSE,FO,,sell,FALSE,25,69.5,9204210,1200000244746156,2024-11-25T13:46:19,28-11-2024
NIFTY24NOV24400CE,,25-11-2024,NSE,FO,,sell,FALSE,25,61.5,8769132,1000000244162944,2024-11-25T13:46:21,28-11-2024
NIFTY24NOV24400CE,,27-11-2024,NSE,FO,,buy,FALSE,25,19.4,3990213,1000000085971250,2024-11-27T11:36:41,28-11-2024
NIFTY24NOV23900PE,,27-11-2024,NSE,FO,,buy,FALSE,25,10.5,2675519,1200000082436059,2024-11-27T11:36:51,28-11-2024
NIFTY24D0524500CE,,02-12-2024,NSE,FO,,sell,FALSE,25,39.9,5769018,1200000148126045,2024-12-02T11:34:01,05-12-2024
NIFTY24D0523800PE,,02-12-2024,NSE,FO,,sell,FALSE,25,44.1,5886827,1000000153392576,2024-12-02T11:34:08,05-12-2024
M&M24DEC3050CE,,02-12-2024,NSE,FO,,buy,FALSE,175,79.65,776005,2200000173781451,2024-12-02T14:39:29,26-12-2024
NIFTY24D0523800PE,,03-12-2024,NSE,FO,,buy,FALSE,25,11.2,10819429,1000000254444274,2024-12-03T14:43:15,05-12-2024
NIFTY24D0524200PE,,03-12-2024,NSE,FO,,sell,FALSE,25,53.1,10849920,1000000255683117,2024-12-03T14:44:33,05-12-2024
NIFTY24D0524500CE,,05-12-2024,NSE,FO,,buy,FALSE,25,94.4,32846707,1200000511769559,2024-12-05T15:00:44,05-12-2024
NIFTY24D0524200PE,,05-12-2024,NSE,FO,,buy,FALSE,25,1,37361515,1000000550494698,2024-12-05T15:04:18,05-12-2024
M&M24DEC3050CE,,05-12-2024,NSE,FO,,sell,FALSE,175,97.6,879375,2200000209139743,2024-12-05T15:26:42,26-12-2024
NIFTY24D1924000CE,,19-12-2024,NSE,FO,,buy,FALSE,50,20.65,11205030,1000000144558910,2024-12-19T12:25:31,19-12-2024
NIFTY24D1924000CE,,19-12-2024,NSE,FO,,sell,FALSE,50,0.1,17475663,1000000212123428,2024-12-19T15:16:54,19-12-2024
NIFTY2510923950PE,,06-01-2025,NSE,FO,,buy,FALSE,75,163.65,1044507,1500000058128490,2025-01-06T10:34:01,09-01-2025
NIFTY2510923750PE,,06-01-2025,NSE,FO,,sell,FALSE,75,80.8,1124461,1100000058137530,2025-01-06T10:34:04,09-01-2025
NIFTY2510923950PE,,06-01-2025,NSE,FO,,sell,FALSE,75,377.85,3583653,1500000226125578,2025-01-06T15:00:04,09-01-2025
NIFTY2510923750PE,,06-01-2025,NSE,FO,,buy,FALSE,75,251,3572123,1100000225901839,2025-01-06T15:00:21,09-01-2025
NIFTY2510923550PE,,08-01-2025,NSE,FO,,buy,FALSE,75,90.6,1477306,1300000064270657,2025-01-08T10:44:08,09-01-2025
NIFTY2512323400CE,,17-01-2025,NSE,FO,,buy,FALSE,75,96.05,3555979,1000000197248533,2025-01-17T13:45:44,23-01-2025
NIFTY2512323200CE,,17-01-2025,NSE,FO,,sell,FALSE,75,186,4736138,1200000194577412,2025-01-17T13:46:07,23-01-2025
NIFTY2512323200CE,,22-01-2025,NSE,FO,,buy,FALSE,75,46.6,6736836,1200000245465985,2025-01-22T15:10:30,23-01-2025
NIFTY2512323400CE,,22-01-2025,NSE,FO,,sell,FALSE,75,10.15,9323013,1000000272759843,2025-01-22T15:10:49,23-01-2025
NIFTY25JAN22700PE,,24-01-2025,NSE,FO,,sell,FALSE,25,41.9,6500709,1400000252152920,2025-01-24T15:16:07,30-01-2025
NIFTY25JAN23400CE,,24-01-2025,NSE,FO,,sell,FALSE,25,59.75,5673186,1000000272297066,2025-01-24T15:16:15,30-01-2025
NIFTY25JAN22700PE,,28-01-2025,NSE,FO,,buy,FALSE,25,58.1,283890,1400000005049890,2025-01-28T09:20:36,30-01-2025
NIFTY25JAN23400CE,,30-01-2025,NSE,FO,,buy,FALSE,25,1.3,12442707,1000000335629558,2025-01-30T14:44:43,30-01-2025
NIFTY2520623450PE,,01-02-2025,NSE,FO,,buy,FALSE,75,190.35,967698,1100000058441555,2025-02-01T11:52:23,06-02-2025
NIFTY2520623450PE,,03-02-2025,NSE,FO,,sell,FALSE,75,222.75,139479,1100000003801728,2025-02-03T09:23:44,06-02-2025
NIFTY2521324000CE,,10-02-2025,NSE,FO,,buy,FALSE,75,14.6,488681,1400000018409404,2025-02-10T09:59:59,13-02-2025
NIFTY2521323700CE,,10-02-2025,NSE,FO,,sell,FALSE,75,60.75,514134,1500000018863204,2025-02-10T10:00:03,13-02-2025
NIFTY2521323300PE,,11-02-2025,NSE,FO,,buy,FALSE,75,129.6,1112053,1400000032198048,2025-02-11T10:14:43,13-02-2025
NIFTY2521323300PE,,11-02-2025,NSE,FO,,sell,FALSE,75,255.45,2847312,1400000088577552,2025-02-11T13:11:32,13-02-2025
NIFTY2521324000CE,,11-02-2025,NSE,FO,,sell,FALSE,75,3.25,2854931,1400000088578123,2025-02-11T13:11:54,13-02-2025
NIFTY2521323700CE,,11-02-2025,NSE,FO,,buy,FALSE,75,8.65,2316186,1500000087859263,2025-02-11T13:12:01,13-02-2025
NIFTY2522023300CE,,18-02-2025,NSE,FO,,buy,FALSE,75,19.4,1292423,1400000045342838,2025-02-18T10:24:35,20-02-2025
NIFTY2522023050CE,,18-02-2025,NSE,FO,,sell,FALSE,75,66.85,920197,1600000041022071,2025-02-18T10:24:56,20-02-2025
NIFTY2522023050CE,,20-02-2025,NSE,FO,,buy,FALSE,75,8.8,2112390,1600000068212394,2025-02-20T11:34:55,20-02-2025
NIFTY2522023300CE,,20-02-2025,NSE,FO,,sell,FALSE,75,1.05,3118387,1400000074389602,2025-02-20T11:35:25,20-02-2025
NIFTY25FEB23000CE,,24-02-2025,NSE,FO,,buy,FALSE,75,18.35,1134738,1500000036177171,2025-02-24T10:17:18,27-02-2025
NIFTY25FEB22800CE,,24-02-2025,NSE,FO,,sell,FALSE,75,52.45,863200,1100000031791443,2025-02-24T10:18:10,27-02-2025
NIFTY25FEB22800CE,,25-02-2025,NSE,FO,,buy,FALSE,75,7.2,1452533,1100000069644281,2025-02-25T13:54:42,27-02-2025
NIFTY25FEB23000CE,,25-02-2025,NSE,FO,,sell,FALSE,75,3.2,2020462,1500000079317839,2025-02-25T13:54:42,27-02-2025
NIFTY2530622500CE,,28-02-2025,NSE,FO,,buy,FALSE,75,102.2,211734,1200000004369794,2025-02-28T09:22:16,06-03-2025
NIFTY2530622500CE,,28-02-2025,NSE,FO,,buy,FALSE,75,64.85,886359,1200000030984225,2025-02-28T10:15:22,06-03-2025
NIFTY2530622500CE,,28-02-2025,NSE,FO,,sell,FALSE,150,41.5,1728597,1200000076480845,2025-02-28T12:34:57,06-03-2025
NIFTY2530622150CE,,03-03-2025,NSE,FO,,sell,FALSE,75,107.95,1042184,1200000030096385,2025-03-03T09:56:28,06-03-2025
NIFTY2530622300CE,,03-03-2025,NSE,FO,,buy,FALSE,75,52.25,881480,1500000028672950,2025-03-03T09:56:28,06-03-2025
NIFTY2530622150CE,,06-03-2025,NSE,FO,,buy,FALSE,75,388.2,11878892,1200000213714256,2025-03-06T14:41:53,06-03-2025
NIFTY2530622300CE,,06-03-2025,NSE,FO,,sell,FALSE,75,236.6,9903410,1500000202741720,2025-03-06T14:41:53,06-03-2025
NIFTY25MAR23800CE,,25-03-2025,NSE,FO,,buy,FALSE,75,133.4,828465,1000000021695363,2025-03-25T09:39:37,27-03-2025
NIFTY25MAR23800CE,,25-03-2025,NSE,FO,,sell,FALSE,75,159.3,1209204,1000000030932197,2025-03-25T09:51:43,27-03-2025
