symbol,isin,trade_date,exchange,segment,series,trade_type,auction,quantity,price,trade_id,order_id,order_execution_time,expiry_date,underlying,expiry_year,expiry_month,expiry_day,strike,option_type,position_key,net_qty,entry_exit,matched_qty,matched_trade_ids
NIFTY24APR22300CE,,2024-04-22,NSE,FO,,buy,False,50,118.1,13983609139256942260,1100000064922631,2024-04-22 14:09:26,2024-04-25,NIFTY,2024.0,4.0,,22300.0,CE,NIFTY_2024-04-25_22300.0_CE,50,Entry,50,
NIFTY24APR22500CE,,2024-04-22,NSE,FO,,sell,False,50,39.15,11019464541833882250,1100000064923056,2024-04-22 14:09:26,2024-04-25,NIFTY,2024.0,4.0,,22500.0,CE,NIFTY_2024-04-25_22500.0_CE,-50,Entry,50,
NIFTY24APR22500CE,,2024-04-25,NSE,FO,,buy,False,50,34.5,15800452029221673354,1100000164314221,2024-04-25 13:32:58,2024-04-25,NIFTY,2024.0,4.0,,22500.0,CE,NIFTY_2024-04-25_22500.0_CE,50,Exit,50,11019464541833882250
NIFTY24APR22300CE,,2024-04-25,NSE,FO,,sell,False,50,160.0,17512134343013169565,1100000164438893,2024-04-25 13:33:42,2024-04-25,NIFTY,2024.0,4.0,,22300.0,CE,NIFTY_2024-04-25_22300.0_CE,-50,Exit,50,13983609139256942260
NIFTY2450222450PE,,2024-04-29,NSE,FO,,buy,False,25,39.55,3815120490227129490,2000000062680836,2024-04-29 14:24:37,2024-05-02,NIFTY,2024.0,5.0,2.0,22450.0,PE,NIFTY_2024-05-02_22450.0_PE,25,Entry,25,
NIFTY2450222650PE,,2024-04-29,NSE,FO,,sell,False,25,94.1,16529053180688465031,2000000062681950,2024-04-29 14:24:38,2024-05-02,NIFTY,2024.0,5.0,2.0,22650.0,PE,NIFTY_2024-05-02_22650.0_PE,-25,Entry,25,
NIFTY2450222750CE,,2024-04-30,NSE,FO,,sell,False,25,81.8,14421796852515107448,1100000032490978,2024-04-30 11:20:32,2024-05-02,NIFTY,2024.0,5.0,2.0,22750.0,CE,NIFTY_2024-05-02_22750.0_CE,-25,Entry,25,
NIFTY2450222950CE,,2024-04-30,NSE,FO,,buy,False,25,15.6,13840439589571245103,1100000032490029,2024-04-30 11:20:32,2024-05-02,NIFTY,2024.0,5.0,2.0,22950.0,CE,NIFTY_2024-05-02_22950.0_CE,25,Entry,25,
NIFTY2450222650PE,,2024-05-02,NSE,FO,,buy,False,25,2.75,13625920090857498421,2000000215600880,2024-05-02 15:19:01,2024-05-02,NIFTY,2024.0,5.0,2.0,22650.0,PE,NIFTY_2024-05-02_22650.0_PE,25,Exit,25,16529053180688465031
NIFTY2450222750CE,,2024-05-02,NSE,FO,,buy,False,25,0.15,277444638841446077,1100000209624823,2024-05-02 15:19:01,2024-05-02,NIFTY,2024.0,5.0,2.0,22750.0,CE,NIFTY_2024-05-02_22750.0_CE,25,Exit,25,14421796852515107448
NIFTY2450222950CE,,2024-05-02,NSE,FO,,sell,False,25,0.05,14378468434307564914,1100000209625062,2024-05-02 15:19:01,2024-05-02,NIFTY,2024.0,5.0,2.0,22950.0,CE,NIFTY_2024-05-02_22950.0_CE,-25,Exit,25,13840439589571245103
NIFTY2450222450PE,,2024-05-02,NSE,FO,,sell,False,25,0.05,16775155640974857364,2000000215601455,2024-05-02 15:19:02,2024-05-02,NIFTY,2024.0,5.0,2.0,22450.0,PE,NIFTY_2024-05-02_22450.0_PE,-25,Exit,25,3815120490227129490
NIFTY2450922400PE,,2024-05-03,NSE,FO,,sell,False,25,132.4,5681857934413834786,2000000108120647,2024-05-03 14:26:04,2024-05-09,NIFTY,2024.0,5.0,9.0,22400.0,PE,NIFTY_2024-05-09_22400.0_PE,-25,Entry,25,
NIFTY2450922200PE,,2024-05-03,NSE,FO,,buy,False,25,65.35,6446622136341051125,2000000108119829,2024-05-03 14:26:04,2024-05-09,NIFTY,2024.0,5.0,9.0,22200.0,PE,NIFTY_2024-05-09_22200.0_PE,25,Entry,25,
NIFTY2450922600CE,,2024-05-03,NSE,FO,,sell,False,25,98.55,667595372899770503,1000000103444990,2024-05-03 15:26:18,2024-05-09,NIFTY,2024.0,5.0,9.0,22600.0,CE,NIFTY_2024-05-09_22600.0_CE,-25,Entry,25,
NIFTY2450922800CE,,2024-05-03,NSE,FO,,buy,False,25,41.1,9929693084506369468,1000000103444601,2024-05-03 15:26:18,2024-05-09,NIFTY,2024.0,5.0,9.0,22800.0,CE,NIFTY_2024-05-09_22800.0_CE,25,Entry,25,
NIFTY2450922600CE,,2024-05-06,NSE,FO,,buy,False,25,106.0,2424682983366341969,1000000034115946,2024-05-06 10:44:44,2024-05-09,NIFTY,2024.0,5.0,9.0,22600.0,CE,NIFTY_2024-05-09_22600.0_CE,25,Exit,25,667595372899770503
NIFTY2450922800CE,,2024-05-06,NSE,FO,,sell,False,25,40.0,7114047630496568097,1000000034139933,2024-05-06 10:44:51,2024-05-09,NIFTY,2024.0,5.0,9.0,22800.0,CE,NIFTY_2024-05-09_22800.0_CE,-25,Exit,25,9929693084506369468
NIFTY2450922400PE,,2024-05-06,NSE,FO,,buy,False,25,78.15,13836215962560671039,2000000040398049,2024-05-06 10:45:31,2024-05-09,NIFTY,2024.0,5.0,9.0,22400.0,PE,NIFTY_2024-05-09_22400.0_PE,25,Exit,25,5681857934413834786
NIFTY2450922200PE,,2024-05-06,NSE,FO,,sell,False,25,32.5,3348055200809639560,2000000040421526,2024-05-06 10:45:36,2024-05-09,NIFTY,2024.0,5.0,9.0,22200.0,PE,NIFTY_2024-05-09_22200.0_PE,-25,Exit,25,6446622136341051125
NIFTY2451622400CE,,2024-05-16,NSE,FO,,buy,False,25,3.8,5715237310747025084,1000000281534211,2024-05-16 15:12:12,2024-05-16,NIFTY,2024.0,5.0,16.0,22400.0,CE,NIFTY_2024-05-16_22400.0_CE,25,Entry,25,
NIFTY2451622400CE,,2024-05-16,NSE,FO,,sell,False,25,5.0,6611198554900010355,1000000290851266,2024-05-16 15:26:30,2024-05-16,NIFTY,2024.0,5.0,16.0,22400.0,CE,NIFTY_2024-05-16_22400.0_CE,-25,Exit,25,5715237310747025084
NIFTY24MAY22450CE,,2024-05-17,NSE,FO,,buy,False,25,249.7,14242479667045342438,1200000059975816,2024-05-17 10:38:23,2024-05-30,NIFTY,2024.0,5.0,,22450.0,CE,NIFTY_2024-05-30_22450.0_CE,25,Entry,25,
NIFTY24MAY22800CE,,2024-05-17,NSE,FO,,sell,False,25,93.25,6166139139961420369,1200000059977935,2024-05-17 10:38:23,2024-05-30,NIFTY,2024.0,5.0,,22800.0,CE,NIFTY_2024-05-30_22800.0_CE,-25,Entry,25,
NIFTY24MAY22800CE,,2024-05-27,NSE,FO,,buy,False,25,282.15,2058824878156694506,1000000023134632,2024-05-27 09:57:25,2024-05-30,NIFTY,2024.0,5.0,,22800.0,CE,NIFTY_2024-05-30_22800.0_CE,25,Exit,25,6166139139961420369
NIFTY24MAY22450CE,,2024-05-27,NSE,FO,,sell,False,25,578.45,15122859685993310817,1000000023135232,2024-05-27 09:57:25,2024-05-30,NIFTY,2024.0,5.0,,22450.0,CE,NIFTY_2024-05-30_22450.0_CE,-25,Exit,25,14242479667045342438
NIFTY24MAY23350CE,,2024-05-28,NSE,FO,,buy,False,25,16.65,3711783551892648838,1100000036146109,2024-05-28 09:58:59,2024-05-30,NIFTY,2024.0,5.0,,23350.0,CE,NIFTY_2024-05-30_23350.0_CE,25,Entry,25,
NIFTY24MAY23200CE,,2024-05-28,NSE,FO,,sell,False,25,40.05,3013004097279485524,1000000039314439,2024-05-28 09:58:59,2024-05-30,NIFTY,2024.0,5.0,,23200.0,CE,NIFTY_2024-05-30_23200.0_CE,-25,Entry,25,
NIFTY24MAY22550PE,,2024-05-28,NSE,FO,,buy,False,25,24.35,14050546580225664826,2100000038194129,2024-05-28 09:58:59,2024-05-30,NIFTY,2024.0,5.0,,22550.0,PE,NIFTY_2024-05-30_22550.0_PE,25,Entry,25,
NIFTY24MAY22700PE,,2024-05-28,NSE,FO,,sell,False,25,44.25,8006989051996687511,2100000038195305,2024-05-28 09:58:59,2024-05-30,NIFTY,2024.0,5.0,,22700.0,PE,NIFTY_2024-05-30_22700.0_PE,-25,Entry,25,
NIFTY24MAY23200CE,,2024-05-29,NSE,FO,,buy,False,25,7.65,3624143929934138176,1000000031679404,2024-05-29 10:41:10,2024-05-30,NIFTY,2024.0,5.0,,23200.0,CE,NIFTY_2024-05-30_23200.0_CE,25,Exit,25,3013004097279485524
NIFTY24MAY23350CE,,2024-05-29,NSE,FO,,sell,False,25,4.15,9386198099142346266,1100000031542566,2024-05-29 10:41:10,2024-05-30,NIFTY,2024.0,5.0,,23350.0,CE,NIFTY_2024-05-30_23350.0_CE,-25,Exit,25,3711783551892648838
NIFTY24MAY22700PE,,2024-05-30,NSE,FO,,buy,False,25,157.8,11550473435257749465,2100000050742374,2024-05-30 10:03:49,2024-05-30,NIFTY,2024.0,5.0,,22700.0,PE,NIFTY_2024-05-30_22700.0_PE,25,Exit,25,8006989051996687511
NIFTY24MAY22550PE,,2024-05-30,NSE,FO,,sell,False,25,25.9,6670467908665608136,2100000148273388,2024-05-30 12:48:47,2024-05-30,NIFTY,2024.0,5.0,,22550.0,PE,NIFTY_2024-05-30_22550.0_PE,-25,Exit,25,14050546580225664826
NIFTY2460624000CE,,2024-06-03,NSE,FO,,sell,False,25,78.95,188165688744496638,1000000083489390,2024-06-03 12:22:59,2024-06-06,NIFTY,2024.0,6.0,6.0,24000.0,CE,NIFTY_2024-06-06_24000.0_CE,-25,Entry,25,
NIFTY2460624000CE,,2024-06-05,NSE,FO,,buy,False,25,2.0,9844499701697421866,1000000081471851,2024-06-05 11:03:57,2024-06-06,NIFTY,2024.0,6.0,6.0,24000.0,CE,NIFTY_2024-06-06_24000.0_CE,25,Exit,25,188165688744496638
NIFTY2461323200PE,,2024-06-10,NSE,FO,,sell,False,25,111.15,16789902630811285356,2000000135422635,2024-06-10 14:10:02,2024-06-13,NIFTY,2024.0,6.0,13.0,23200.0,PE,NIFTY_2024-06-13_23200.0_PE,-25,Entry,25,
NIFTY2461323500CE,,2024-06-10,NSE,FO,,sell,False,25,102.6,15630203687879543618,1100000135394006,2024-06-10 14:10:02,2024-06-13,NIFTY,2024.0,6.0,13.0,23500.0,CE,NIFTY_2024-06-13_23500.0_CE,-25,Entry,25,
NIFTY2461323200PE,,2024-06-13,NSE,FO,,buy,False,25,3.65,9489204039635570325,2000000110335244,2024-06-13 11:50:39,2024-06-13,NIFTY,2024.0,6.0,13.0,23200.0,PE,NIFTY_2024-06-13_23200.0_PE,25,Exit,25,16789902630811285356
NIFTY2461323500CE,,2024-06-13,NSE,FO,,buy,False,25,7.7,507286418868254145,1100000108640449,2024-06-13 11:50:39,2024-06-13,NIFTY,2024.0,6.0,13.0,23500.0,CE,NIFTY_2024-06-13_23500.0_CE,25,Exit,25,15630203687879543618
NIFTY2462023450PE,,2024-06-18,NSE,FO,,sell,False,25,48.35,15064347713623566280,2000000048728552,2024-06-18 10:17:51,2024-06-20,NIFTY,2024.0,6.0,20.0,23450.0,PE,NIFTY_2024-06-20_23450.0_PE,-25,Entry,25,
NIFTY2462023650CE,,2024-06-19,NSE,FO,,sell,False,25,21.55,1487545479262186729,1000000047235771,2024-06-19 10:45:22,2024-06-20,NIFTY,2024.0,6.0,20.0,23650.0,CE,NIFTY_2024-06-20_23650.0_CE,-25,Entry,25,
NIFTY2462023650CE,,2024-06-20,NSE,FO,,buy,False,25,8.3,12600924007593060500,1000000181547307,2024-06-20 13:11:21,2024-06-20,NIFTY,2024.0,6.0,20.0,23650.0,CE,NIFTY_2024-06-20_23650.0_CE,25,Exit,25,1487545479262186729
NIFTY2462023450PE,,2024-06-20,NSE,FO,,buy,False,25,5.35,4154884646343854496,2000000173344497,2024-06-20 13:11:21,2024-06-20,NIFTY,2024.0,6.0,20.0,23450.0,PE,NIFTY_2024-06-20_23450.0_PE,25,Exit,25,15064347713623566280
NIFTY24JUN23600CE,,2024-06-21,NSE,FO,,sell,False,25,74.75,10410383667305764548,1000000135162556,2024-06-21 14:26:24,2024-06-27,NIFTY,2024.0,6.0,,23600.0,CE,NIFTY_2024-06-27_23600.0_CE,-25,Entry,25,
NIFTY24JUN23600CE,,2024-06-24,NSE,FO,,buy,False,25,88.8,12356047473609762245,1000000173673422,2024-06-24 15:22:27,2024-06-27,NIFTY,2024.0,6.0,,23600.0,CE,NIFTY_2024-06-27_23600.0_CE,25,Exit,25,10410383667305764548
NIFTY24JUN23350PE,,2024-06-24,NSE,FO,,sell,False,25,49.55,14059897754396298279,2100000154720176,2024-06-24 15:27:05,2024-06-27,NIFTY,2024.0,6.0,,23350.0,PE,NIFTY_2024-06-27_23350.0_PE,-25,Entry,25,
NIFTY24JUN23650CE,,2024-06-24,NSE,FO,,sell,False,25,70.6,17768372479154792454,1000000174718794,2024-06-24 15:27:06,2024-06-27,NIFTY,2024.0,6.0,,23650.0,CE,NIFTY_2024-06-27_23650.0_CE,-25,Entry,25,
NIFTY2470423700CE,,2024-06-25,NSE,FO,,buy,False,25,227.9,2232424605153922693,1200000049096850,2024-06-25 15:18:13,2024-07-04,NIFTY,2024.0,7.0,4.0,23700.0,CE,NIFTY_2024-07-04_23700.0_CE,25,Entry,25,
NIFTY24JUN23650CE,,2024-06-26,NSE,FO,,buy,False,25,128.4,11919759130112959767,1000000032571890,2024-06-26 10:17:11,2024-06-27,NIFTY,2024.0,6.0,,23650.0,CE,NIFTY_2024-06-27_23650.0_CE,25,Exit,25,17768372479154792454
NIFTY2470423700CE,,2024-06-26,NSE,FO,,sell,False,25,302.8,8918437264325290942,1200000039654875,2024-06-26 12:55:33,2024-07-04,NIFTY,2024.0,7.0,4.0,23700.0,CE,NIFTY_2024-07-04_23700.0_CE,-25,Exit,25,2232424605153922693
NIFTY2470423800PE,,2024-06-28,NSE,FO,,sell,False,25,51.35,17885686931864219103,2000000040335443,2024-06-28 10:40:08,2024-07-04,NIFTY,2024.0,7.0,4.0,23800.0,PE,NIFTY_2024-07-04_23800.0_PE,-25,Entry,25,
NIFTY2470424400CE,,2024-06-28,NSE,FO,,sell,False,25,45.95,1165527877018586405,1000000152452341,2024-06-28 14:52:17,2024-07-04,NIFTY,2024.0,7.0,4.0,24400.0,CE,NIFTY_2024-07-04_24400.0_CE,-25,Entry,25,
NIFTY2470423800PE,,2024-07-04,NSE,FO,,buy,False,25,0.8,9627788169593129131,2000000029298267,2024-07-04 09:51:48,2024-07-04,NIFTY,2024.0,7.0,4.0,23800.0,PE,NIFTY_2024-07-04_23800.0_PE,25,Exit,25,17885686931864219103
NIFTY2470424400CE,,2024-07-04,NSE,FO,,buy,False,25,49.0,10914329211161344840,1000000033778295,2024-07-04 09:51:48,2024-07-04,NIFTY,2024.0,7.0,4.0,24400.0,CE,NIFTY_2024-07-04_24400.0_CE,25,Exit,25,1165527877018586405
NIFTY2471124150PE,,2024-07-05,NSE,FO,,sell,False,25,51.75,17694203247777941109,2100000122783042,2024-07-05 15:24:20,2024-07-11,NIFTY,2024.0,7.0,11.0,24150.0,PE,NIFTY_2024-07-11_24150.0_PE,-25,Entry,25,
NIFTY2471124500CE,,2024-07-09,NSE,FO,,sell,False,25,41.0,14903071708928318586,1100000051227688,2024-07-09 10:28:13,2024-07-11,NIFTY,2024.0,7.0,11.0,24500.0,CE,NIFTY_2024-07-11_24500.0_CE,-25,Entry,25,
NIFTY2471124500CE,,2024-07-11,NSE,FO,,buy,False,25,4.8,13893963055654491831,1100000024922863,2024-07-11 09:39:40,2024-07-11,NIFTY,2024.0,7.0,11.0,24500.0,CE,NIFTY_2024-07-11_24500.0_CE,25,Exit,25,14903071708928318586
NIFTY2471124150PE,,2024-07-11,NSE,FO,,buy,False,25,7.7,16620652929945694214,2100000027453972,2024-07-11 09:39:40,2024-07-11,NIFTY,2024.0,7.0,11.0,24150.0,PE,NIFTY_2024-07-11_24150.0_PE,25,Exit,25,17694203247777941109
NIFTY2471824700PE,,2024-07-16,NSE,FO,,sell,False,25,102.4,17378257784690103283,2100000085678193,2024-07-16 12:28:55,2024-07-18,NIFTY,2024.0,7.0,18.0,24700.0,PE,NIFTY_2024-07-18_24700.0_PE,-25,Entry,25,
NIFTY2471824700PE,,2024-07-16,NSE,FO,,buy,False,25,104.35,16443268602880440835,2100000086404198,2024-07-16 12:31:52,2024-07-18,NIFTY,2024.0,7.0,18.0,24700.0,PE,NIFTY_2024-07-18_24700.0_PE,25,Exit,25,17378257784690103283
NIFTY2471824800CE,,2024-07-16,NSE,FO,,sell,False,25,19.3,466822073182733328,1000000089836953,2024-07-16 12:34:55,2024-07-18,NIFTY,2024.0,7.0,18.0,24800.0,CE,NIFTY_2024-07-18_24800.0_CE,-25,Entry,25,
NIFTY2471824500PE,,2024-07-16,NSE,FO,,sell,False,25,32.1,6050634133153060116,2100000087264931,2024-07-16 12:35:22,2024-07-18,NIFTY,2024.0,7.0,18.0,24500.0,PE,NIFTY_2024-07-18_24500.0_PE,-25,Entry,25,
NIFTY2471824800CE,,2024-07-18,NSE,FO,,buy,False,25,7.0,15641299766141757076,1000000041742752,2024-07-18 09:56:07,2024-07-18,NIFTY,2024.0,7.0,18.0,24800.0,CE,NIFTY_2024-07-18_24800.0_CE,25,Exit,25,466822073182733328
NIFTY2471824500PE,,2024-07-18,NSE,FO,,buy,False,25,0.6,17394109445240595557,2100000263735491,2024-07-18 14:55:50,2024-07-18,NIFTY,2024.0,7.0,18.0,24500.0,PE,NIFTY_2024-07-18_24500.0_PE,25,Exit,25,6050634133153060116
NIFTY24JUL24400PE,,2024-07-22,NSE,FO,,sell,False,25,143.0,18037636685722172544,2000000047814244,2024-07-22 10:52:38,2024-07-25,NIFTY,2024.0,7.0,,24400.0,PE,NIFTY_2024-07-25_24400.0_PE,-25,Entry,25,
NIFTY24JUL24600CE,,2024-07-23,NSE,FO,,sell,False,25,39.75,4642394510589360142,1000000326324208,2024-07-23 13:47:03,2024-07-25,NIFTY,2024.0,7.0,,24600.0,CE,NIFTY_2024-07-25_24600.0_CE,-25,Entry,25,
NIFTY24JUL24400PE,,2024-07-24,NSE,FO,,buy,False,25,90.15,6984264774102575043,2000000221674493,2024-07-24 15:07:00,2024-07-25,NIFTY,2024.0,7.0,,24400.0,PE,NIFTY_2024-07-25_24400.0_PE,25,Exit,25,18037636685722172544
NIFTY24JUL24600CE,,2024-07-24,NSE,FO,,buy,False,25,12.35,15401624836272865243,1000000212964167,2024-07-24 15:07:29,2024-07-25,NIFTY,2024.0,7.0,,24600.0,CE,NIFTY_2024-07-25_24600.0_CE,25,Exit,25,4642394510589360142
NIFTY2480124400PE,,2024-07-26,NSE,FO,,sell,False,25,47.55,6941631741227733214,2000000058901306,2024-07-26 12:19:56,2024-08-01,NIFTY,2024.0,8.0,1.0,24400.0,PE,NIFTY_2024-08-01_24400.0_PE,-25,Entry,25,
NIFTY2480125150CE,,2024-07-26,NSE,FO,,sell,False,25,29.2,16085122195132632572,1100000167585021,2024-07-26 15:23:04,2024-08-01,NIFTY,2024.0,8.0,1.0,25150.0,CE,NIFTY_2024-08-01_25150.0_CE,-25,Entry,25,
NIFTY2480124400PE,,2024-08-01,NSE,FO,,buy,False,25,0.65,3124633473852751302,2000000084432420,2024-08-01 11:00:31,2024-08-01,NIFTY,2024.0,8.0,1.0,24400.0,PE,NIFTY_2024-08-01_24400.0_PE,25,Exit,25,6941631741227733214
NIFTY2480125150CE,,2024-08-01,NSE,FO,,buy,False,25,4.55,10514066348266525585,1100000075017428,2024-08-01 11:00:37,2024-08-01,NIFTY,2024.0,8.0,1.0,25150.0,CE,NIFTY_2024-08-01_25150.0_CE,25,Exit,25,16085122195132632572
NIFTY2480824500CE,,2024-08-05,NSE,FO,,sell,False,25,44.6,2002894762842093110,1100000209923608,2024-08-05 15:01:17,2024-08-08,NIFTY,2024.0,8.0,8.0,24500.0,CE,NIFTY_2024-08-08_24500.0_CE,-25,Entry,25,
NIFTY2480823900PE,,2024-08-07,NSE,FO,,sell,False,25,17.4,7576533850623790635,2100000063784189,2024-08-07 10:50:44,2024-08-08,NIFTY,2024.0,8.0,8.0,23900.0,PE,NIFTY_2024-08-08_23900.0_PE,-25,Entry,25,
NIFTY2480823900PE,,2024-08-08,NSE,FO,,buy,False,25,0.35,10275401702841273030,2100000403224760,2024-08-08 14:45:57,2024-08-08,NIFTY,2024.0,8.0,8.0,23900.0,PE,NIFTY_2024-08-08_23900.0_PE,25,Exit,25,7576533850623790635
NIFTY2480824500CE,,2024-08-08,NSE,FO,,buy,False,25,0.35,16794291825405146609,1100000359666725,2024-08-08 14:46:03,2024-08-08,NIFTY,2024.0,8.0,8.0,24500.0,CE,NIFTY_2024-08-08_24500.0_CE,25,Exit,25,2002894762842093110
NIFTY2481424100PE,,2024-08-13,NSE,FO,,sell,False,25,31.5,17405947945268070685,2100000027094363,2024-08-13 09:36:19,2024-08-14,NIFTY,2024.0,8.0,14.0,24100.0,PE,NIFTY_2024-08-14_24100.0_PE,-25,Entry,25,
NIFTY2481424500CE,,2024-08-13,NSE,FO,,sell,False,25,38.0,15447050441384303033,1100000023894753,2024-08-13 09:36:20,2024-08-14,NIFTY,2024.0,8.0,14.0,24500.0,CE,NIFTY_2024-08-14_24500.0_CE,-25,Entry,25,
NIFTY2481424100PE,,2024-08-14,NSE,FO,,buy,False,25,8.3,17535931978176221416,2100000119448182,2024-08-14 13:25:21,2024-08-14,NIFTY,2024.0,8.0,14.0,24100.0,PE,NIFTY_2024-08-14_24100.0_PE,25,Exit,25,17405947945268070685
NIFTY2481424500CE,,2024-08-14,NSE,FO,,buy,False,25,0.7,15989116499377852193,1100000123477954,2024-08-14 13:25:30,2024-08-14,NIFTY,2024.0,8.0,14.0,24500.0,CE,NIFTY_2024-08-14_24500.0_CE,25,Exit,25,15447050441384303033
NIFTY2482224400PE,,2024-08-19,NSE,FO,,sell,False,25,56.0,14083614625570281894,2000000014983011,2024-08-19 09:37:09,2024-08-22,NIFTY,2024.0,8.0,22.0,24400.0,PE,NIFTY_2024-08-22_24400.0_PE,-25,Entry,25,
NIFTY2482224800CE,,2024-08-19,NSE,FO,,sell,False,25,30.35,8723485727866811082,1000000103801551,2024-08-19 12:57:22,2024-08-22,NIFTY,2024.0,8.0,22.0,24800.0,CE,NIFTY_2024-08-22_24800.0_CE,-25,Entry,25,
NIFTY2482224800CE,,2024-08-21,NSE,FO,,buy,False,25,45.55,4593365910669202326,1000000137386561,2024-08-21 15:27:41,2024-08-22,NIFTY,2024.0,8.0,22.0,24800.0,CE,NIFTY_2024-08-22_24800.0_CE,25,Exit,25,8723485727866811082
NIFTY2482224400PE,,2024-08-21,NSE,FO,,buy,False,25,3.45,18058323666166231273,2000000135032151,2024-08-21 15:28:58,2024-08-22,NIFTY,2024.0,8.0,22.0,24400.0,PE,NIFTY_2024-08-22_24400.0_PE,25,Exit,25,14083614625570281894
NIFTY24AUG24650PE,,2024-08-23,NSE,FO,,sell,False,25,48.75,13396027762738290793,2000000098996029,2024-08-23 14:40:03,2024-08-29,NIFTY,2024.0,8.0,,24650.0,PE,NIFTY_2024-08-29_24650.0_PE,-25,Entry,25,
NIFTY24AUG25050CE,,2024-08-23,NSE,FO,,sell,False,25,44.95,14263920534792966543,1000000105940874,2024-08-23 14:40:03,2024-08-29,NIFTY,2024.0,8.0,,25050.0,CE,NIFTY_2024-08-29_25050.0_CE,-25,Entry,25,
NIFTY24AUG25050CE,,2024-08-26,NSE,FO,,buy,False,25,115.1,17643531837216106145,1000000040361090,2024-08-26 10:18:11,2024-08-29,NIFTY,2024.0,8.0,,25050.0,CE,NIFTY_2024-08-29_25050.0_CE,25,Exit,25,14263920534792966543
NIFTY24AUG25150CE,,2024-08-26,NSE,FO,,sell,False,25,52.4,17360038143584313401,1100000136680051,2024-08-26 15:13:47,2024-08-29,NIFTY,2024.0,8.0,,25150.0,CE,NIFTY_2024-08-29_25150.0_CE,-25,Entry,25,
NIFTY24AUG24650PE,,2024-08-29,NSE,FO,,buy,False,25,0.35,4673363722143984952,2000000297617789,2024-08-29 15:05:33,2024-08-29,NIFTY,2024.0,8.0,,24650.0,PE,NIFTY_2024-08-29_24650.0_PE,25,Exit,25,13396027762738290793
NIFTY2490525000PE,,2024-09-02,NSE,FO,,sell,False,25,29.9,11467840500389279075,2000000113513046,2024-09-02 14:35:11,2024-09-05,NIFTY,2024.0,9.0,5.0,25000.0,PE,NIFTY_2024-09-05_25000.0_PE,-25,Entry,25,
NIFTY2490525500CE,,2024-09-02,NSE,FO,,sell,False,25,23.1,7935636671971219089,1100000111898591,2024-09-02 14:35:12,2024-09-05,NIFTY,2024.0,9.0,5.0,25500.0,CE,NIFTY_2024-09-05_25500.0_CE,-25,Entry,25,
NIFTY2490525000PE,,2024-09-05,NSE,FO,,buy,False,25,2.0,6218640513726567294,2000000095587000,2024-09-05 11:47:07,2024-09-05,NIFTY,2024.0,9.0,5.0,25000.0,PE,NIFTY_2024-09-05_25000.0_PE,25,Exit,25,11467840500389279075
NIFTY2490525500CE,,2024-09-05,NSE,FO,,buy,False,25,0.85,16100292365317296267,1100000093413158,2024-09-05 11:47:07,2024-09-05,NIFTY,2024.0,9.0,5.0,25500.0,CE,NIFTY_2024-09-05_25500.0_CE,25,Exit,25,7935636671971219089
NIFTY2491225200CE,,2024-09-06,NSE,FO,,sell,False,25,47.1,1481710916539308471,1000000099389262,2024-09-06 12:46:56,2024-09-12,NIFTY,2024.0,9.0,12.0,25200.0,CE,NIFTY_2024-09-12_25200.0_CE,-25,Entry,25,
NIFTY2491224600PE,,2024-09-06,NSE,FO,,sell,False,25,52.05,8189193284263264218,2000000121884290,2024-09-06 12:47:32,2024-09-12,NIFTY,2024.0,9.0,12.0,24600.0,PE,NIFTY_2024-09-12_24600.0_PE,-25,Entry,25,
NIFTY2491224600PE,,2024-09-12,NSE,FO,,buy,False,25,0.3,8566976821381372302,2000000196614853,2024-09-12 13:29:11,2024-09-12,NIFTY,2024.0,9.0,12.0,24600.0,PE,NIFTY_2024-09-12_24600.0_PE,25,Exit,25,8189193284263264218
NIFTY2491225200CE,,2024-09-12,NSE,FO,,buy,False,25,4.05,12474041836352316864,1000000202628909,2024-09-12 13:29:12,2024-09-12,NIFTY,2024.0,9.0,12.0,25200.0,CE,NIFTY_2024-09-12_25200.0_CE,25,Exit,25,1481710916539308471
NIFTY2491225400PE,,2024-09-12,NSE,FO,,buy,False,25,11.4,9220751415507948593,2000000315919456,2024-09-12 15:24:22,2024-09-12,NIFTY,2024.0,9.0,12.0,25400.0,PE,NIFTY_2024-09-12_25400.0_PE,25,Entry,25,
NIFTY2491225400PE,,2024-09-12,NSE,FO,,buy,False,25,11.4,2092264476747171005,2000000315919456,2024-09-12 15:24:22,2024-09-12,NIFTY,2024.0,9.0,12.0,25400.0,PE,NIFTY_2024-09-12_25400.0_PE,25,Entry,25,
NIFTY2491225400PE,,2024-09-12,NSE,FO,,buy,False,25,11.4,3369895387523774419,2000000315919456,2024-09-12 15:24:22,2024-09-12,NIFTY,2024.0,9.0,12.0,25400.0,PE,NIFTY_2024-09-12_25400.0_PE,25,Entry,25,
NIFTY2491225400PE,,2024-09-12,NSE,FO,,buy,False,25,11.4,6121861484181499490,2000000315919456,2024-09-12 15:24:22,2024-09-12,NIFTY,2024.0,9.0,12.0,25400.0,PE,NIFTY_2024-09-12_25400.0_PE,25,Entry,25,
NIFTY2491225400PE,,2024-09-12,NSE,FO,,buy,False,25,11.4,16137046919894070813,2000000315919456,2024-09-12 15:24:22,2024-09-12,NIFTY,2024.0,9.0,12.0,25400.0,PE,NIFTY_2024-09-12_25400.0_PE,25,Entry,25,
NIFTY2491225400PE,,2024-09-12,NSE,FO,,buy,False,25,11.4,6393408764721300283,2000000315919456,2024-09-12 15:24:22,2024-09-12,NIFTY,2024.0,9.0,12.0,25400.0,PE,NIFTY_2024-09-12_25400.0_PE,25,Entry,25,
NIFTY2491225400PE,,2024-09-12,NSE,FO,,buy,False,25,11.4,6672944516383878744,2000000315919456,2024-09-12 15:24:22,2024-09-12,NIFTY,2024.0,9.0,12.0,25400.0,PE,NIFTY_2024-09-12_25400.0_PE,25,Entry,25,
NIFTY2491225400PE,,2024-09-12,NSE,FO,,buy,False,25,11.4,5514841673255158557,2000000315919456,2024-09-12 15:24:22,2024-09-12,NIFTY,2024.0,9.0,12.0,25400.0,PE,NIFTY_2024-09-12_25400.0_PE,25,Entry,25,
NIFTY2491225400PE,,2024-09-12,NSE,FO,,buy,False,25,11.4,3007150320723412339,2000000315919456,2024-09-12 15:24:22,2024-09-12,NIFTY,2024.0,9.0,12.0,25400.0,PE,NIFTY_2024-09-12_25400.0_PE,25,Entry,25,
NIFTY2491225400PE,,2024-09-12,NSE,FO,,buy,False,25,11.4,10939776161678292695,2000000315919456,2024-09-12 15:24:22,2024-09-12,NIFTY,2024.0,9.0,12.0,25400.0,PE,NIFTY_2024-09-12_25400.0_PE,25,Entry,25,
NIFTY2491925100PE,,2024-09-16,NSE,FO,,sell,False,25,37.2,1365308614553601762,1200000053231096,2024-09-16 12:24:08,2024-09-19,NIFTY,2024.0,9.0,19.0,25100.0,PE,NIFTY_2024-09-19_25100.0_PE,-25,Entry,25,
NIFTY2491925600CE,,2024-09-16,NSE,FO,,sell,False,25,32.7,10380371104903508707,1200000053231752,2024-09-16 12:24:09,2024-09-19,NIFTY,2024.0,9.0,19.0,25600.0,CE,NIFTY_2024-09-19_25600.0_CE,-25,Entry,25,
NIFTY2491925600CE,,2024-09-18,NSE,FO,,buy,False,25,47.65,8612682392631090549,1200000056693224,2024-09-18 12:34:11,2024-09-19,NIFTY,2024.0,9.0,19.0,25600.0,CE,NIFTY_2024-09-19_25600.0_CE,25,Exit,25,10380371104903508707
NIFTY2491925500CE,,2024-09-18,NSE,FO,,sell,False,25,54.1,9730753266133051914,1000000096183765,2024-09-18 13:30:15,2024-09-19,NIFTY,2024.0,9.0,19.0,25500.0,CE,NIFTY_2024-09-19_25500.0_CE,-25,Entry,25,
NIFTY2491925500CE,,2024-09-19,NSE,FO,,buy,False,25,74.85,17059733120181495392,1000000058581329,2024-09-19 10:00:41,2024-09-19,NIFTY,2024.0,9.0,19.0,25500.0,CE,NIFTY_2024-09-19_25500.0_CE,25,Exit,25,9730753266133051914
NIFTY2491925100PE,,2024-09-19,NSE,FO,,buy,False,25,1.75,7814364197711706626,1200000057310126,2024-09-19 10:03:33,2024-09-19,NIFTY,2024.0,9.0,19.0,25100.0,PE,NIFTY_2024-09-19_25100.0_PE,25,Exit,25,1365308614553601762
NIFTY24SEP25300PE,,2024-09-20,NSE,FO,,sell,False,25,50.95,8607908588232895381,1100000075779379,2024-09-20 11:15:37,2024-09-26,NIFTY,2024.0,9.0,,25300.0,PE,NIFTY_2024-09-26_25300.0_PE,-25,Entry,25,
NIFTY24SEP25300PE,,2024-09-24,NSE,FO,,buy,False,25,10.7,16224137654398754451,1100000015672304,2024-09-24 09:29:27,2024-09-26,NIFTY,2024.0,9.0,,25300.0,PE,NIFTY_2024-09-26_25300.0_PE,25,Exit,25,8607908588232895381
NIFTY24SEP25700PE,,2024-09-24,NSE,FO,,sell,False,25,41.55,17750127729645560993,2000000023218788,2024-09-24 09:36:11,2024-09-26,NIFTY,2024.0,9.0,,25700.0,PE,NIFTY_2024-09-26_25700.0_PE,-25,Entry,25,
NIFTY24SEP26200CE,,2024-09-24,NSE,FO,,sell,False,25,26.55,6616260657151586473,2000000023220576,2024-09-24 09:36:12,2024-09-26,NIFTY,2024.0,9.0,,26200.0,CE,NIFTY_2024-09-26_26200.0_CE,-25,Entry,25,
NIFTY24SEP25700PE,,2024-09-26,NSE,FO,,buy,False,25,1.0,17997577322021741809,2000000198458344,2024-09-26 14:35:29,2024-09-26,NIFTY,2024.0,9.0,,25700.0,PE,NIFTY_2024-09-26_25700.0_PE,25,Exit,25,17750127729645560993
NIFTY24SEP26200PE,,2024-09-26,NSE,FO,,sell,False,25,47.2,9872147735828900409,2000000219240208,2024-09-26 14:52:12,2024-09-26,NIFTY,2024.0,9.0,,26200.0,PE,NIFTY_2024-09-26_26200.0_PE,-25,Entry,25,
NIFTY24SEP26200CE,,2024-09-26,NSE,FO,,buy,False,25,18.5,3602655639701118404,2000000249432301,2024-09-26 15:14:19,2024-09-26,NIFTY,2024.0,9.0,,26200.0,CE,NIFTY_2024-09-26_26200.0_CE,25,Exit,25,6616260657151586473
NIFTY24SEP26200PE,,2024-09-26,NSE,FO,,buy,False,25,1.4,5646642578872212676,2000000249433668,2024-09-26 15:14:19,2024-09-26,NIFTY,2024.0,9.0,,26200.0,PE,NIFTY_2024-09-26_26200.0_PE,25,Exit,25,9872147735828900409
NIFTY24O0325900PE,,2024-09-27,NSE,FO,,sell,False,25,32.6,5087287525962036066,1900000025650763,2024-09-27 10:33:28,2024-10-03,NIFTY,2024.0,10.0,3.0,25900.0,PE,NIFTY_2024-10-03_25900.0_PE,-25,Entry,25,
NIFTY24O0326600CE,,2024-09-27,NSE,FO,,sell,False,25,32.8,3405997501382258744,1200000025615110,2024-09-27 10:33:28,2024-10-03,NIFTY,2024.0,10.0,3.0,26600.0,CE,NIFTY_2024-10-03_26600.0_CE,-25,Entry,25,
NIFTY24O0326600CE,,2024-09-30,NSE,FO,,buy,False,25,6.3,1257718713856032767,1200000053234056,2024-09-30 12:20:56,2024-10-03,NIFTY,2024.0,10.0,3.0,26600.0,CE,NIFTY_2024-10-03_26600.0_CE,25,Exit,25,3405997501382258744
NIFTY24O0326200CE,,2024-09-30,NSE,FO,,sell,False,25,36.35,15071912043748363637,2000000051871660,2024-09-30 12:22:04,2024-10-03,NIFTY,2024.0,10.0,3.0,26200.0,CE,NIFTY_2024-10-03_26200.0_CE,-25,Entry,25,
NIFTY24O0325800CE,,2024-10-01,NSE,FO,,sell,False,25,80.9,7868010965004398425,1100000128688354,2024-10-01 15:23:05,2024-10-03,NIFTY,2024.0,10.0,3.0,25800.0,CE,NIFTY_2024-10-03_25800.0_CE,-25,Entry,25,
NIFTY24O0326200CE,,2024-10-01,NSE,FO,,buy,False,25,3.1,16666991535387065149,2000000130159299,2024-10-01 15:23:05,2024-10-03,NIFTY,2024.0,10.0,3.0,26200.0,CE,NIFTY_2024-10-03_26200.0_CE,25,Exit,25,15071912043748363637
NIFTY24O0325900PE,,2024-10-03,NSE,FO,,buy,False,25,502.2,6711520496847905746,1900000110889452,2024-10-03 11:28:38,2024-10-03,NIFTY,2024.0,10.0,3.0,25900.0,PE,NIFTY_2024-10-03_25900.0_PE,25,Exit,25,5087287525962036066
NIFTY24O0325800CE,,2024-10-03,NSE,FO,,buy,False,25,1.5,6264579652313465319,1100000192761842,2024-10-03 13:23:14,2024-10-03,NIFTY,2024.0,10.0,3.0,25800.0,CE,NIFTY_2024-10-03_25800.0_CE,25,Exit,25,7868010965004398425
NIFTY24O0325250PE,,2024-10-03,NSE,FO,,buy,False,25,10.85,15636066951527087322,1000000285921580,2024-10-03 14:45:24,2024-10-03,NIFTY,2024.0,10.0,3.0,25250.0,PE,NIFTY_2024-10-03_25250.0_PE,25,Entry,25,
NIFTY24O0325250CE,,2024-10-03,NSE,FO,,buy,False,25,14.95,11231766416412387289,1000000285920147,2024-10-03 14:45:24,2024-10-03,NIFTY,2024.0,10.0,3.0,25250.0,CE,NIFTY_2024-10-03_25250.0_CE,25,Entry,25,
NIFTY24O0325250CE,,2024-10-03,NSE,FO,,sell,False,25,5.9,10965699654990297133,1000000319770039,2024-10-03 15:15:58,2024-10-03,NIFTY,2024.0,10.0,3.0,25250.0,CE,NIFTY_2024-10-03_25250.0_CE,-25,Exit,25,11231766416412387289
NIFTY24O0325250PE,,2024-10-03,NSE,FO,,sell,False,25,0.15,2991173291706642617,1000000319772137,2024-10-03 15:15:58,2024-10-03,NIFTY,2024.0,10.0,3.0,25250.0,PE,NIFTY_2024-10-03_25250.0_PE,-25,Exit,25,15636066951527087322
NIFTY24O1024600PE,,2024-10-04,NSE,FO,,sell,False,25,68.1,11358489511611170454,1200000179432483,2024-10-04 14:18:24,2024-10-10,NIFTY,2024.0,10.0,10.0,24600.0,PE,NIFTY_2024-10-10_24600.0_PE,-25,Entry,25,
NIFTY24O1025500CE,,2024-10-04,NSE,FO,,sell,False,25,42.95,7651602439072497047,1000000201177725,2024-10-04 14:18:24,2024-10-10,NIFTY,2024.0,10.0,10.0,25500.0,CE,NIFTY_2024-10-10_25500.0_CE,-25,Entry,25,
NIFTY24O1025200CE,,2024-10-07,NSE,FO,,sell,False,25,49.6,5128071087570948816,1000000249159566,2024-10-07 14:20:07,2024-10-10,NIFTY,2024.0,10.0,10.0,25200.0,CE,NIFTY_2024-10-10_25200.0_CE,-25,Entry,25,
NIFTY24O1025500CE,,2024-10-07,NSE,FO,,buy,False,25,17.05,2100810138374833966,1200000243721325,2024-10-07 14:20:07,2024-10-10,NIFTY,2024.0,10.0,10.0,25500.0,CE,NIFTY_2024-10-10_25500.0_CE,25,Exit,25,7651602439072497047
NIFTY24O1024600PE,,2024-10-09,NSE,FO,,buy,False,25,8.85,17321612991600606908,1000000234344265,2024-10-09 15:06:59,2024-10-10,NIFTY,2024.0,10.0,10.0,24600.0,PE,NIFTY_2024-10-10_24600.0_PE,25,Exit,25,11358489511611170454
NIFTY24O1025200CE,,2024-10-09,NSE,FO,,buy,False,25,16.25,9447455362582990558,1000000234345363,2024-10-09 15:06:59,2024-10-10,NIFTY,2024.0,10.0,10.0,25200.0,CE,NIFTY_2024-10-10_25200.0_CE,25,Exit,25,5128071087570948816
NIFTY24O1724750PE,,2024-10-14,NSE,FO,,sell,False,25,34.25,7926693826921506402,1300000012181113,2024-10-14 09:36:03,2024-10-17,NIFTY,2024.0,10.0,17.0,24750.0,PE,NIFTY_2024-10-17_24750.0_PE,-25,Entry,25,
NIFTY24O1725350CE,,2024-10-14,NSE,FO,,sell,False,25,28.1,15265874247117733645,1300000012181913,2024-10-14 09:36:03,2024-10-17,NIFTY,2024.0,10.0,17.0,25350.0,CE,NIFTY_2024-10-17_25350.0_CE,-25,Entry,25,
NIFTY24O1725200CE,,2024-10-16,NSE,FO,,sell,False,25,25.45,13878674430286740304,1000000051857445,2024-10-16 10:50:56,2024-10-17,NIFTY,2024.0,10.0,17.0,25200.0,CE,NIFTY_2024-10-17_25200.0_CE,-25,Entry,25,
NIFTY24O1724750PE,,2024-10-16,NSE,FO,,buy,False,25,10.0,1822915712103690935,1300000041118623,2024-10-16 10:50:56,2024-10-17,NIFTY,2024.0,10.0,17.0,24750.0,PE,NIFTY_2024-10-17_24750.0_PE,25,Exit,25,7926693826921506402
NIFTY24O1724900PE,,2024-10-16,NSE,FO,,sell,False,25,29.6,13820225427477976109,1200000051246888,2024-10-16 10:50:56,2024-10-17,NIFTY,2024.0,10.0,17.0,24900.0,PE,NIFTY_2024-10-17_24900.0_PE,-25,Entry,25,
NIFTY24O1725350CE,,2024-10-16,NSE,FO,,buy,False,25,7.75,14499063598718431491,1300000041117353,2024-10-16 10:50:56,2024-10-17,NIFTY,2024.0,10.0,17.0,25350.0,CE,NIFTY_2024-10-17_25350.0_CE,25,Exit,25,15265874247117733645
NIFTY24O1725200CE,,2024-10-17,NSE,FO,,buy,False,25,2.7,1171271427343913453,1000000053675542,2024-10-17 09:54:44,2024-10-17,NIFTY,2024.0,10.0,17.0,25200.0,CE,NIFTY_2024-10-17_25200.0_CE,25,Exit,25,13878674430286740304
NIFTY24O1724900PE,,2024-10-17,NSE,FO,,buy,False,25,94.45,11137045551266868569,1200000065135422,2024-10-17 10:07:54,2024-10-17,NIFTY,2024.0,10.0,17.0,24900.0,PE,NIFTY_2024-10-17_24900.0_PE,25,Exit,25,13820225427477976109
NIFTY24O2425000CE,,2024-10-18,NSE,FO,,sell,False,25,39.8,17329080597781791129,1000000005767703,2024-10-18 09:20:34,2024-10-24,NIFTY,2024.0,10.0,24.0,25000.0,CE,NIFTY_2024-10-24_25000.0_CE,-25,Entry,25,
NIFTY24O2425000CE,,2024-10-23,NSE,FO,,buy,False,25,6.4,3318699634827278130,1000000110403164,2024-10-23 11:04:45,2024-10-24,NIFTY,2024.0,10.0,24.0,25000.0,CE,NIFTY_2024-10-24_25000.0_CE,25,Exit,25,17329080597781791129
NIFTY24O2424750CE,,2024-10-23,NSE,FO,,sell,False,25,31.55,11103826512253315861,1300000096048912,2024-10-23 11:17:59,2024-10-24,NIFTY,2024.0,10.0,24.0,24750.0,CE,NIFTY_2024-10-24_24750.0_CE,-25,Entry,25,
NIFTY24O2424300PE,,2024-10-23,NSE,FO,,sell,False,25,26.7,5659037180228035570,1200000130257502,2024-10-23 11:42:10,2024-10-24,NIFTY,2024.0,10.0,24.0,24300.0,PE,NIFTY_2024-10-24_24300.0_PE,-25,Entry,25,
NIFTY24O2424300PE,,2024-10-24,NSE,FO,,buy,False,25,28.1,10381237215360024192,1200000054051760,2024-10-24 09:50:28,2024-10-24,NIFTY,2024.0,10.0,24.0,24300.0,PE,NIFTY_2024-10-24_24300.0_PE,25,Exit,25,5659037180228035570
NIFTY24O2424750CE,,2024-10-24,NSE,FO,,buy,False,25,2.15,6931845157921034310,1300000046154184,2024-10-24 09:50:33,2024-10-24,NIFTY,2024.0,10.0,24.0,24750.0,CE,NIFTY_2024-10-24_24750.0_CE,25,Exit,25,11103826512253315861
NIFTY24OCT23800PE,,2024-10-25,NSE,FO,,sell,False,25,38.2,3174071982002527726,1000000245900991,2024-10-25 15:29:50,2024-10-31,NIFTY,2024.0,10.0,,23800.0,PE,NIFTY_2024-10-31_23800.0_PE,-25,Entry,25,
NIFTY24OCT24500CE,,2024-10-25,NSE,FO,,sell,False,25,42.15,5544751756808233551,1200000243062136,2024-10-25 15:29:50,2024-10-31,NIFTY,2024.0,10.0,,24500.0,CE,NIFTY_2024-10-31_24500.0_CE,-25,Entry,25,
NIFTY24OCT24500CE,,2024-10-30,NSE,FO,,buy,False,25,62.3,3789153940794857219,1200000043285411,2024-10-30 10:13:21,2024-10-31,NIFTY,2024.0,10.0,,24500.0,CE,NIFTY_2024-10-31_24500.0_CE,25,Exit,25,5544751756808233551
NIFTY24OCT23800PE,,2024-10-30,NSE,FO,,buy,False,25,4.3,15554083415910519033,1000000045778698,2024-10-30 10:14:08,2024-10-31,NIFTY,2024.0,10.0,,23800.0,PE,NIFTY_2024-10-31_23800.0_PE,25,Exit,25,3174071982002527726
NIFTY24OCT24250PE,,2024-10-30,NSE,FO,,sell,False,25,33.85,1031151745365324846,1100000034994840,2024-10-30 10:15:44,2024-10-31,NIFTY,2024.0,10.0,,24250.0,PE,NIFTY_2024-10-31_24250.0_PE,-25,Entry,25,
NIFTY24OCT24600CE,,2024-10-30,NSE,FO,,sell,False,25,30.95,7067135618348148056,1000000047079104,2024-10-30 10:15:44,2024-10-31,NIFTY,2024.0,10.0,,24600.0,CE,NIFTY_2024-10-31_24600.0_CE,-25,Entry,25,
NIFTY24N0724500CE,,2024-11-04,NSE,FO,,sell,False,25,29.05,3767222007309717462,1200000068118470,2024-11-04 10:34:58,2024-11-07,NIFTY,2024.0,11.0,7.0,24500.0,CE,NIFTY_2024-11-07_24500.0_CE,-25,Entry,25,
NIFTY24N0723400PE,,2024-11-04,NSE,FO,,sell,False,25,60.0,13611407416318897342,1000000069591845,2024-11-04 10:35:13,2024-11-07,NIFTY,2024.0,11.0,7.0,23400.0,PE,NIFTY_2024-11-07_23400.0_PE,-25,Entry,25,
NIFTY24N0723400PE,,2024-11-06,NSE,FO,,buy,False,25,2.25,2483395089820747264,1000000206326101,2024-11-06 14:32:16,2024-11-07,NIFTY,2024.0,11.0,7.0,23400.0,PE,NIFTY_2024-11-07_23400.0_PE,25,Exit,25,13611407416318897342
NIFTY24N0724500PE,,2024-11-06,NSE,FO,,sell,False,25,83.2,16672154163432261706,1200000204602814,2024-11-06 14:37:34,2024-11-07,NIFTY,2024.0,11.0,7.0,24500.0,PE,NIFTY_2024-11-07_24500.0_PE,-25,Entry,25,
NIFTY24N0724500PE,,2024-11-07,NSE,FO,,buy,False,25,291.85,2155086030712465718,1200000078236498,2024-11-07 10:03:10,2024-11-07,NIFTY,2024.0,11.0,7.0,24500.0,PE,NIFTY_2024-11-07_24500.0_PE,25,Exit,25,16672154163432261706
NIFTY24N0724500CE,,2024-11-07,NSE,FO,,buy,False,25,0.2,6148013872854759276,1200000287699896,2024-11-07 14:59:36,2024-11-07,NIFTY,2024.0,11.0,7.0,24500.0,CE,NIFTY_2024-11-07_24500.0_CE,25,Exit,25,3767222007309717462
NIFTY24N1424500CE,,2024-11-07,NSE,FO,,sell,False,25,67.9,13192832335828289043,1200000287907992,2024-11-07 15:00:04,2024-11-14,NIFTY,2024.0,11.0,14.0,24500.0,CE,NIFTY_2024-11-14_24500.0_CE,-25,Entry,25,
NIFTY24N1424200CE,,2024-11-12,NSE,FO,,sell,False,25,27.9,13145532533887379641,1000000474522662,2024-11-12 15:05:08,2024-11-14,NIFTY,2024.0,11.0,14.0,24200.0,CE,NIFTY_2024-11-14_24200.0_CE,-25,Entry,25,
NIFTY24N1424500CE,,2024-11-12,NSE,FO,,buy,False,25,6.05,1570609885151937508,1200000463389842,2024-11-12 15:05:08,2024-11-14,NIFTY,2024.0,11.0,14.0,24500.0,CE,NIFTY_2024-11-14_24500.0_CE,25,Exit,25,13192832335828289043
NIFTY24N1424200CE,,2024-11-13,NSE,FO,,buy,False,25,14.0,16847987192905792849,1000000061274103,2024-11-13 10:00:22,2024-11-14,NIFTY,2024.0,11.0,14.0,24200.0,CE,NIFTY_2024-11-14_24200.0_CE,25,Exit,25,13145532533887379641
NIFTY24N1423450PE,,2024-11-13,NSE,FO,,sell,False,25,18.65,17018416175313921057,1100000050445557,2024-11-13 10:00:23,2024-11-14,NIFTY,2024.0,11.0,14.0,23450.0,PE,NIFTY_2024-11-14_23450.0_PE,-25,Entry,25,
NIFTY24N1424050CE,,2024-11-13,NSE,FO,,sell,False,25,29.6,13705185555725880185,1100000050444943,2024-11-13 10:01:02,2024-11-14,NIFTY,2024.0,11.0,14.0,24050.0,CE,NIFTY_2024-11-14_24050.0_CE,-25,Entry,25,
NIFTY24N1423450PE,,2024-11-14,NSE,FO,,buy,False,25,4.9,1290540754475690863,1100000201816538,2024-11-14 12:40:29,2024-11-14,NIFTY,2024.0,11.0,14.0,23450.0,PE,NIFTY_2024-11-14_23450.0_PE,25,Exit,25,17018416175313921057
NIFTY24N1424050CE,,2024-11-14,NSE,FO,,buy,False,25,0.6,3655015274806619887,1100000201816974,2024-11-14 12:41:17,2024-11-14,NIFTY,2024.0,11.0,14.0,24050.0,CE,NIFTY_2024-11-14_24050.0_CE,25,Exit,25,13705185555725880185
NIFTY24N2123650CE,,2024-11-18,NSE,FO,,sell,False,25,44.1,15253543039827942136,1100000252637145,2024-11-18 15:02:23,2024-11-21,NIFTY,2024.0,11.0,21.0,23650.0,CE,NIFTY_2024-11-21_23650.0_CE,-25,Entry,25,
NIFTY24N2123500PE,,2024-11-19,NSE,FO,,buy,False,25,39.2,10486533798514391378,1200000074014332,2024-11-19 09:57:32,2024-11-21,NIFTY,2024.0,11.0,21.0,23500.0,PE,NIFTY_2024-11-21_23500.0_PE,25,Entry,25,
NIFTY24N2123500PE,,2024-11-19,NSE,FO,,sell,False,25,127.7,2110251920251709121,1200000328124249,2024-11-19 15:13:53,2024-11-21,NIFTY,2024.0,11.0,21.0,23500.0,PE,NIFTY_2024-11-21_23500.0_PE,-25,Exit,25,10486533798514391378
NIFTY24N2123150PE,,2024-11-19,NSE,FO,,sell,False,25,26.05,6264409395219728850,1300000276016939,2024-11-19 15:28:44,2024-11-21,NIFTY,2024.0,11.0,21.0,23150.0,PE,NIFTY_2024-11-21_23150.0_PE,-25,Entry,25,
NIFTY24N2123150PE,,2024-11-21,NSE,FO,,buy,False,25,25.7,13648266129788980369,1300000000078955,2024-11-21 09:15:03,2024-11-21,NIFTY,2024.0,11.0,21.0,23150.0,PE,NIFTY_2024-11-21_23150.0_PE,25,Exit,25,6264409395219728850
NIFTY24N2123650CE,,2024-11-21,NSE,FO,,buy,False,25,2.2,17013278247358819587,1100000115912738,2024-11-21 11:04:52,2024-11-21,NIFTY,2024.0,11.0,21.0,23650.0,CE,NIFTY_2024-11-21_23650.0_CE,25,Exit,25,15253543039827942136
NIFTY24NOV22700PE,,2024-11-21,NSE,FO,,sell,False,25,35.3,8559961909704471574,1200000290971820,2024-11-21 14:47:06,2024-11-28,NIFTY,2024.0,11.0,,22700.0,PE,NIFTY_2024-11-28_22700.0_PE,-25,Entry,25,
NIFTY24NOV23800CE,,2024-11-21,NSE,FO,,sell,False,25,34.55,18307375825548500280,1000000281914437,2024-11-21 14:47:07,2024-11-28,NIFTY,2024.0,11.0,,23800.0,CE,NIFTY_2024-11-28_23800.0_CE,-25,Entry,25,
NIFTY24NOV23800CE,,2024-11-22,NSE,FO,,buy,False,25,292.0,3260482738152151760,1000000363952227,2024-11-22 14:54:39,2024-11-28,NIFTY,2024.0,11.0,,23800.0,CE,NIFTY_2024-11-28_23800.0_CE,25,Exit,25,18307375825548500280
NIFTY24NOV22700PE,,2024-11-25,NSE,FO,,buy,False,25,3.85,12541659341002727500,1200000055493160,2024-11-25 09:55:41,2024-11-28,NIFTY,2024.0,11.0,,22700.0,PE,NIFTY_2024-11-28_22700.0_PE,25,Exit,25,8559961909704471574
NIFTY24NOV23900PE,,2024-11-25,NSE,FO,,sell,False,25,69.5,2346409655640890971,1200000244746156,2024-11-25 13:46:19,2024-11-28,NIFTY,2024.0,11.0,,23900.0,PE,NIFTY_2024-11-28_23900.0_PE,-25,Entry,25,
NIFTY24NOV24400CE,,2024-11-25,NSE,FO,,sell,False,25,61.5,18312353649825105514,1000000244162944,2024-11-25 13:46:21,2024-11-28,NIFTY,2024.0,11.0,,24400.0,CE,NIFTY_2024-11-28_24400.0_CE,-25,Entry,25,
NIFTY24NOV24400CE,,2024-11-27,NSE,FO,,buy,False,25,19.4,10149136387813788534,1000000085971250,2024-11-27 11:36:41,2024-11-28,NIFTY,2024.0,11.0,,24400.0,CE,NIFTY_2024-11-28_24400.0_CE,25,Exit,25,18312353649825105514
NIFTY24NOV23900PE,,2024-11-27,NSE,FO,,buy,False,25,10.5,5313043906020857403,1200000082436059,2024-11-27 11:36:51,2024-11-28,NIFTY,2024.0,11.0,,23900.0,PE,NIFTY_2024-11-28_23900.0_PE,25,Exit,25,2346409655640890971
NIFTY24D0524500CE,,2024-12-02,NSE,FO,,sell,False,25,39.9,12476443244396435589,1200000148126045,2024-12-02 11:34:01,2024-12-05,NIFTY,2024.0,12.0,5.0,24500.0,CE,NIFTY_2024-12-05_24500.0_CE,-25,Entry,25,
NIFTY24D0523800PE,,2024-12-02,NSE,FO,,sell,False,25,44.1,8613346274878692875,1000000153392576,2024-12-02 11:34:08,2024-12-05,NIFTY,2024.0,12.0,5.0,23800.0,PE,NIFTY_2024-12-05_23800.0_PE,-25,Entry,25,
M&M24DEC3050CE,,2024-12-02,NSE,FO,,buy,False,175,79.65,1499103579137357843,2200000173781451,2024-12-02 14:39:29,2024-12-26,,,,,,,nan_2024-12-26_nan_nan,175,Entry,175,
NIFTY24D0523800PE,,2024-12-03,NSE,FO,,buy,False,25,11.2,18118788765933863946,1000000254444274,2024-12-03 14:43:15,2024-12-05,NIFTY,2024.0,12.0,5.0,23800.0,PE,NIFTY_2024-12-05_23800.0_PE,25,Exit,25,8613346274878692875
NIFTY24D0524200PE,,2024-12-03,NSE,FO,,sell,False,25,53.1,5689878211774246616,1000000255683117,2024-12-03 14:44:33,2024-12-05,NIFTY,2024.0,12.0,5.0,24200.0,PE,NIFTY_2024-12-05_24200.0_PE,-25,Entry,25,
NIFTY24D0524500CE,,2024-12-05,NSE,FO,,buy,False,25,94.4,1009196289982118346,1200000511769559,2024-12-05 15:00:44,2024-12-05,NIFTY,2024.0,12.0,5.0,24500.0,CE,NIFTY_2024-12-05_24500.0_CE,25,Exit,25,12476443244396435589
NIFTY24D0524200PE,,2024-12-05,NSE,FO,,buy,False,25,1.0,13572188737918584437,1000000550494698,2024-12-05 15:04:18,2024-12-05,NIFTY,2024.0,12.0,5.0,24200.0,PE,NIFTY_2024-12-05_24200.0_PE,25,Exit,25,5689878211774246616
M&M24DEC3050CE,,2024-12-05,NSE,FO,,sell,False,175,97.6,16605662511150066872,2200000209139743,2024-12-05 15:26:42,2024-12-26,,,,,,,nan_2024-12-26_nan_nan,-175,Exit,175,1499103579137357843
NIFTY24D1924000CE,,2024-12-19,NSE,FO,,buy,False,50,20.65,5211113362224643863,1000000144558910,2024-12-19 12:25:31,2024-12-19,NIFTY,2024.0,12.0,19.0,24000.0,CE,NIFTY_2024-12-19_24000.0_CE,50,Entry,50,
NIFTY24D1924000CE,,2024-12-19,NSE,FO,,sell,False,50,0.1,12370786382559426183,1000000212123428,2024-12-19 15:16:54,2024-12-19,NIFTY,2024.0,12.0,19.0,24000.0,CE,NIFTY_2024-12-19_24000.0_CE,-50,Exit,50,5211113362224643863
NIFTY2510923950PE,,2025-01-06,NSE,FO,,buy,False,75,163.65,11924537879751616693,1500000058128490,2025-01-06 10:34:01,2025-01-09,NIFTY,2025.0,1.0,9.0,23950.0,PE,NIFTY_2025-01-09_23950.0_PE,75,Entry,75,
NIFTY2510923750PE,,2025-01-06,NSE,FO,,sell,False,75,80.8,18081803552111132663,1100000058137530,2025-01-06 10:34:04,2025-01-09,NIFTY,2025.0,1.0,9.0,23750.0,PE,NIFTY_2025-01-09_23750.0_PE,-75,Entry,75,
NIFTY2510923950PE,,2025-01-06,NSE,FO,,sell,False,75,377.85,16104071821746019095,1500000226125578,2025-01-06 15:00:04,2025-01-09,NIFTY,2025.0,1.0,9.0,23950.0,PE,NIFTY_2025-01-09_23950.0_PE,-75,Exit,75,11924537879751616693
NIFTY2510923750PE,,2025-01-06,NSE,FO,,buy,False,75,251.0,295961066516949819,1100000225901839,2025-01-06 15:00:21,2025-01-09,NIFTY,2025.0,1.0,9.0,23750.0,PE,NIFTY_2025-01-09_23750.0_PE,75,Exit,75,18081803552111132663
NIFTY2510923550PE,,2025-01-08,NSE,FO,,buy,False,75,90.6,6198053306016105218,1300000064270657,2025-01-08 10:44:08,2025-01-09,NIFTY,2025.0,1.0,9.0,23550.0,PE,NIFTY_2025-01-09_23550.0_PE,75,Entry,75,
NIFTY2512323400CE,,2025-01-17,NSE,FO,,buy,False,75,96.05,9196969048003467561,1000000197248533,2025-01-17 13:45:44,2025-01-23,NIFTY,2025.0,1.0,23.0,23400.0,CE,NIFTY_2025-01-23_23400.0_CE,75,Entry,75,
NIFTY2512323200CE,,2025-01-17,NSE,FO,,sell,False,75,186.0,18005955475701061027,1200000194577412,2025-01-17 13:46:07,2025-01-23,NIFTY,2025.0,1.0,23.0,23200.0,CE,NIFTY_2025-01-23_23200.0_CE,-75,Entry,75,
NIFTY2512323200CE,,2025-01-22,NSE,FO,,buy,False,75,46.6,16506397178918238526,1200000245465985,2025-01-22 15:10:30,2025-01-23,NIFTY,2025.0,1.0,23.0,23200.0,CE,NIFTY_2025-01-23_23200.0_CE,75,Exit,75,18005955475701061027
NIFTY2512323400CE,,2025-01-22,NSE,FO,,sell,False,75,10.15,15670044493092270383,1000000272759843,2025-01-22 15:10:49,2025-01-23,NIFTY,2025.0,1.0,23.0,23400.0,CE,NIFTY_2025-01-23_23400.0_CE,-75,Exit,75,9196969048003467561
NIFTY25JAN22700PE,,2025-01-24,NSE,FO,,sell,False,25,41.9,11050086547830857203,1400000252152920,2025-01-24 15:16:07,2025-01-30,NIFTY,2025.0,1.0,,22700.0,PE,NIFTY_2025-01-30_22700.0_PE,-25,Entry,25,
NIFTY25JAN23400CE,,2025-01-24,NSE,FO,,sell,False,25,59.75,6894722142078810139,1000000272297066,2025-01-24 15:16:15,2025-01-30,NIFTY,2025.0,1.0,,23400.0,CE,NIFTY_2025-01-30_23400.0_CE,-25,Entry,25,
NIFTY25JAN22700PE,,2025-01-28,NSE,FO,,buy,False,25,58.1,3299047965943248740,1400000005049890,2025-01-28 09:20:36,2025-01-30,NIFTY,2025.0,1.0,,22700.0,PE,NIFTY_2025-01-30_22700.0_PE,25,Exit,25,11050086547830857203
NIFTY25JAN23400CE,,2025-01-30,NSE,FO,,buy,False,25,1.3,6391136360377891728,1000000335629558,2025-01-30 14:44:43,2025-01-30,NIFTY,2025.0,1.0,,23400.0,CE,NIFTY_2025-01-30_23400.0_CE,25,Exit,25,6894722142078810139
NIFTY2520623450PE,,2025-02-01,NSE,FO,,buy,False,75,190.35,10114755517178616915,1100000058441555,2025-02-01 11:52:23,2025-02-06,NIFTY,2025.0,2.0,6.0,23450.0,PE,NIFTY_2025-02-06_23450.0_PE,75,Entry,75,
NIFTY2520623450PE,,2025-02-03,NSE,FO,,sell,False,75,222.75,10976441971116553247,1100000003801728,2025-02-03 09:23:44,2025-02-06,NIFTY,2025.0,2.0,6.0,23450.0,PE,NIFTY_2025-02-06_23450.0_PE,-75,Exit,75,10114755517178616915
NIFTY2521324000CE,,2025-02-10,NSE,FO,,buy,False,75,14.6,1858257943754684120,1400000018409404,2025-02-10 09:59:59,2025-02-13,NIFTY,2025.0,2.0,13.0,24000.0,CE,NIFTY_2025-02-13_24000.0_CE,75,Entry,75,
NIFTY2521323700CE,,2025-02-10,NSE,FO,,sell,False,75,60.75,9035344640191968020,1500000018863204,2025-02-10 10:00:03,2025-02-13,NIFTY,2025.0,2.0,13.0,23700.0,CE,NIFTY_2025-02-13_23700.0_CE,-75,Entry,75,
NIFTY2521323300PE,,2025-02-11,NSE,FO,,buy,False,75,129.6,17246948751429931257,1400000032198048,2025-02-11 10:14:43,2025-02-13,NIFTY,2025.0,2.0,13.0,23300.0,PE,NIFTY_2025-02-13_23300.0_PE,75,Entry,75,
NIFTY2521323300PE,,2025-02-11,NSE,FO,,sell,False,75,255.45,5459130429678891005,1400000088577552,2025-02-11 13:11:32,2025-02-13,NIFTY,2025.0,2.0,13.0,23300.0,PE,NIFTY_2025-02-13_23300.0_PE,-75,Exit,75,17246948751429931257
NIFTY2521324000CE,,2025-02-11,NSE,FO,,sell,False,75,3.25,12397714207250854924,1400000088578123,2025-02-11 13:11:54,2025-02-13,NIFTY,2025.0,2.0,13.0,24000.0,CE,NIFTY_2025-02-13_24000.0_CE,-75,Exit,75,1858257943754684120
NIFTY2521323700CE,,2025-02-11,NSE,FO,,buy,False,75,8.65,7388926426507181043,1500000087859263,2025-02-11 13:12:01,2025-02-13,NIFTY,2025.0,2.0,13.0,23700.0,CE,NIFTY_2025-02-13_23700.0_CE,75,Exit,75,9035344640191968020
NIFTY2522023300CE,,2025-02-18,NSE,FO,,buy,False,75,19.4,12671323974831543830,1400000045342838,2025-02-18 10:24:35,2025-02-20,NIFTY,2025.0,2.0,20.0,23300.0,CE,NIFTY_2025-02-20_23300.0_CE,75,Entry,75,
NIFTY2522023050CE,,2025-02-18,NSE,FO,,sell,False,75,66.85,13174208582890721432,1600000041022071,2025-02-18 10:24:56,2025-02-20,NIFTY,2025.0,2.0,20.0,23050.0,CE,NIFTY_2025-02-20_23050.0_CE,-75,Entry,75,
NIFTY2522023050CE,,2025-02-20,NSE,FO,,buy,False,75,8.8,8474584104321009942,1600000068212394,2025-02-20 11:34:55,2025-02-20,NIFTY,2025.0,2.0,20.0,23050.0,CE,NIFTY_2025-02-20_23050.0_CE,75,Exit,75,13174208582890721432
NIFTY2522023300CE,,2025-02-20,NSE,FO,,sell,False,75,1.05,11069627466156777813,1400000074389602,2025-02-20 11:35:25,2025-02-20,NIFTY,2025.0,2.0,20.0,23300.0,CE,NIFTY_2025-02-20_23300.0_CE,-75,Exit,75,12671323974831543830
NIFTY25FEB23000CE,,2025-02-24,NSE,FO,,buy,False,75,18.35,4399420998398088807,1500000036177171,2025-02-24 10:17:18,2025-02-27,NIFTY,2025.0,2.0,,23000.0,CE,NIFTY_2025-02-27_23000.0_CE,75,Entry,75,
NIFTY25FEB22800CE,,2025-02-24,NSE,FO,,sell,False,75,52.45,612680655808457680,1100000031791443,2025-02-24 10:18:10,2025-02-27,NIFTY,2025.0,2.0,,22800.0,CE,NIFTY_2025-02-27_22800.0_CE,-75,Entry,75,
NIFTY25FEB22800CE,,2025-02-25,NSE,FO,,buy,False,75,7.2,8904470117429672750,1100000069644281,2025-02-25 13:54:42,2025-02-27,NIFTY,2025.0,2.0,,22800.0,CE,NIFTY_2025-02-27_22800.0_CE,75,Exit,75,612680655808457680
NIFTY25FEB23000CE,,2025-02-25,NSE,FO,,sell,False,75,3.2,9671054370064568842,1500000079317839,2025-02-25 13:54:42,2025-02-27,NIFTY,2025.0,2.0,,23000.0,CE,NIFTY_2025-02-27_23000.0_CE,-75,Exit,75,4399420998398088807
NIFTY2530622500CE,,2025-02-28,NSE,FO,,buy,False,75,102.2,2360736169436212754,1200000004369794,2025-02-28 09:22:16,2025-03-06,NIFTY,2025.0,3.0,6.0,22500.0,CE,NIFTY_2025-03-06_22500.0_CE,75,Entry,75,
NIFTY2530622500CE,,2025-02-28,NSE,FO,,buy,False,75,64.85,6584080584976591533,1200000030984225,2025-02-28 10:15:22,2025-03-06,NIFTY,2025.0,3.0,6.0,22500.0,CE,NIFTY_2025-03-06_22500.0_CE,75,Entry,75,
NIFTY2530622500CE,,2025-02-28,NSE,FO,,sell,False,150,41.5,2741514720441911518,1200000076480845,2025-02-28 12:34:57,2025-03-06,NIFTY,2025.0,3.0,6.0,22500.0,CE,NIFTY_2025-03-06_22500.0_CE,-150,Exit,150,2360736169436212754;6584080584976591533
NIFTY2530622150CE,,2025-03-03,NSE,FO,,sell,False,75,107.95,14488091176530735674,1200000030096385,2025-03-03 09:56:28,2025-03-06,NIFTY,2025.0,3.0,6.0,22150.0,CE,NIFTY_2025-03-06_22150.0_CE,-75,Entry,75,
NIFTY2530622300CE,,2025-03-03,NSE,FO,,buy,False,75,52.25,16624998448901137954,1500000028672950,2025-03-03 09:56:28,2025-03-06,NIFTY,2025.0,3.0,6.0,22300.0,CE,NIFTY_2025-03-06_22300.0_CE,75,Entry,75,
NIFTY2530622150CE,,2025-03-06,NSE,FO,,buy,False,75,388.2,12880024313289057193,1200000213714256,2025-03-06 14:41:53,2025-03-06,NIFTY,2025.0,3.0,6.0,22150.0,CE,NIFTY_2025-03-06_22150.0_CE,75,Exit,75,14488091176530735674
NIFTY2530622300CE,,2025-03-06,NSE,FO,,sell,False,75,236.6,5993087033726532353,1500000202741720,2025-03-06 14:41:53,2025-03-06,NIFTY,2025.0,3.0,6.0,22300.0,CE,NIFTY_2025-03-06_22300.0_CE,-75,Exit,75,16624998448901137954
NIFTY25MAR23800CE,,2025-03-25,NSE,FO,,buy,False,75,133.4,9410020842652482538,1000000021695363,2025-03-25 09:39:37,2025-03-27,NIFTY,2025.0,3.0,,23800.0,CE,NIFTY_2025-03-27_23800.0_CE,75,Entry,75,
NIFTY25MAR23800CE,,2025-03-25,NSE,FO,,sell,False,75,159.3,5253497232303817933,1000000030932197,2025-03-25 09:51:43,2025-03-27,NIFTY,2025.0,3.0,,23800.0,CE,NIFTY_2025-03-27_23800.0_CE,-75,Exit,75,9410020842652482538
